authority,date,represents
aves_aa_4R_auth_0002,1400,group_05
aves_aa_4R_auth_0003,1400,group_06
aves_aa_4R_auth_0004,1400,group_07
aves_aa_4R_auth_0005,1400,group_09
aves_aa_4R_auth_0006,1400,group_08
aves_aa_4R_auth_0007,1400,group_10
aves_aa_4R_auth_0008,1400,group_11
aves_aa_4R_auth_0009,1400,group_12
aves_aa_4R_auth_0010,1400,group_13
aves_aa_4R_auth_0011,1400,group_14
aves_aa_4R_auth_0012,1400,group_15
aves_aa_4R_auth_0013,1400,group_17
aves_aa_4R_auth_0014,1400,group_16
aves_aa_4R_auth_0015,1400,group_18
aves_aa_4R_auth_0016,1400,group_19
aves_aa_4R_auth_0017,1400,group_20
aves_aa_4R_auth_0018,1400,group_21
aves_aa_4R_auth_0019,1400,group_22
aves_aa_4R_auth_0020,1400,group_23
aves_aa_4R_auth_0021,1400,group_24
aves_aa_4R_auth_0022,1400,group_25
aves_aa_4R_auth_0023,1400,group_26
aves_aa_4R_auth_0024,1400,group_27
aves_aa_4R_auth_0025,1400,group_28
aves_aa_4R_auth_0026,1400,group_29
aves_aa_4R_auth_0027,1400,group_30
aves_aa_4R_auth_0028,1400,group_31
aves_aa_4R_auth_0029,1400,group_32
aves_aa_4R_auth_0031,1401,group_05
aves_aa_4R_auth_0032,1401,group_06
aves_aa_4R_auth_0033,1401,group_07
aves_aa_4R_auth_0034,1401,group_09
aves_aa_4R_auth_0035,1401,group_08
aves_aa_4R_auth_0036,1401,group_10
aves_aa_4R_auth_0037,1401,group_11
aves_aa_4R_auth_0038,1401,group_12
aves_aa_4R_auth_0039,1401,group_13
aves_aa_4R_auth_0040,1401,group_14
aves_aa_4R_auth_0041,1401,group_15
aves_aa_4R_auth_0042,1401,group_16
aves_aa_4R_auth_0043,1401,group_17
aves_aa_4R_auth_0044,1401,group_18
aves_aa_4R_auth_0045,1401,group_19
aves_aa_4R_auth_0046,1401,group_20
aves_aa_4R_auth_0047,1401,group_21
aves_aa_4R_auth_0048,1401,group_22
aves_aa_4R_auth_0049,1401,group_23
aves_aa_4R_auth_0050,1401,group_24
aves_aa_4R_auth_0051,1401,group_25
aves_aa_4R_auth_0052,1401,group_26
aves_aa_4R_auth_0053,1401,group_27
aves_aa_4R_auth_0054,1401,group_28
aves_aa_4R_auth_0055,1401,group_29
aves_aa_4R_auth_0056,1401,group_30
aves_aa_4R_auth_0057,1401,group_31
aves_aa_4R_auth_0058,1401,group_32
aves_aa_4R_auth_0059,1402,group_05
aves_aa_4R_auth_0060,1402,group_06
aves_aa_4R_auth_0001,1402,group_07
aves_aa_4R_auth_0061,1402,group_09
aves_aa_4R_auth_0062,1402,group_08
aves_aa_4R_auth_0063,1402,group_10
aves_aa_4R_auth_0037,1402,group_11
aves_aa_4R_auth_0064,1402,group_12
aves_aa_4R_auth_0065,1402,group_13
aves_aa_4R_auth_0066,1402,group_14
aves_aa_4R_auth_0041,1402,group_15
aves_aa_4R_auth_0067,1402,group_17
aves_aa_4R_auth_0014,1402,group_16
aves_aa_4R_auth_0015,1402,group_18
aves_aa_4R_auth_0068,1402,group_19
aves_aa_4R_auth_0069,1402,group_20
aves_aa_4R_auth_0070,1402,group_21
aves_aa_4R_auth_0071,1402,group_22
aves_aa_4R_auth_0072,1402,group_23
aves_aa_4R_auth_0073,1402,group_24
aves_aa_4R_auth_0074,1402,group_25
aves_aa_4R_auth_0023,1402,group_26
aves_aa_4R_auth_0075,1402,group_27
aves_aa_4R_auth_0076,1402,group_28
aves_aa_4R_auth_0077,1402,group_29
aves_aa_4R_auth_0078,1402,group_30
aves_aa_4R_auth_0079,1402,group_31
aves_aa_4R_auth_0029,1402,group_32
aves_aa_4R_auth_0031,1403,group_05
aves_aa_4R_auth_0081,1403,group_06
aves_aa_4R_auth_0082,1403,group_07
aves_aa_4R_auth_0083,1403,group_09
aves_aa_4R_auth_0084,1403,group_08
aves_aa_4R_auth_0085,1403,group_10
aves_aa_4R_auth_0086,1403,group_11
aves_aa_4R_auth_0087,1403,group_12
aves_aa_4R_auth_0088,1403,group_13
aves_aa_4R_auth_0089,1403,group_14
aves_aa_4R_auth_0030,1403,group_15
aves_aa_4R_auth_0090,1403,group_16
aves_aa_4R_auth_0043,1403,group_17
aves_aa_4R_auth_0091,1403,group_18
aves_aa_4R_auth_0092,1403,group_19
aves_aa_4R_auth_0093,1403,group_20
aves_aa_4R_auth_0094,1403,group_21
aves_aa_4R_auth_0095,1403,group_22
aves_aa_4R_auth_0096,1403,group_23
aves_aa_4R_auth_0097,1403,group_24
aves_aa_4R_auth_0098,1403,group_25
aves_aa_4R_auth_0099,1403,group_26
aves_aa_4R_auth_0100,1403,group_27
aves_aa_4R_auth_0025,1403,group_28
aves_aa_4R_auth_0101,1403,group_29
aves_aa_4R_auth_0027,1403,group_30
aves_aa_4R_auth_0102,1403,group_31
aves_aa_4R_auth_0058,1403,group_32
aves_aa_4R_auth_0059,1404,group_05
aves_aa_4R_auth_0032,1404,group_06
aves_aa_4R_auth_0103,1404,group_07
aves_aa_4R_auth_0104,1404,group_09
aves_aa_4R_auth_0105,1404,group_08
aves_aa_4R_auth_0007,1404,group_10
aves_aa_4R_auth_0106,1404,group_11
aves_aa_4R_auth_0009,1404,group_12
aves_aa_4R_auth_0107,1404,group_13
aves_aa_4R_auth_0108,1404,group_14
aves_aa_4R_auth_0109,1404,group_15
aves_aa_4R_auth_0110,1404,group_16
aves_aa_4R_auth_0111,1404,group_17
aves_aa_4R_auth_0015,1404,group_18
aves_aa_4R_auth_0112,1404,group_19
aves_aa_4R_auth_0017,1404,group_20
aves_aa_4R_auth_0113,1404,group_21
aves_aa_4R_auth_0019,1404,group_22
aves_aa_4R_auth_0020,1404,group_23
aves_aa_4R_auth_0114,1404,group_24
aves_aa_4R_auth_0022,1404,group_25
aves_aa_4R_auth_0115,1404,group_26
aves_aa_4R_auth_0116,1404,group_27
aves_aa_4R_auth_0117,1404,group_28
aves_aa_4R_auth_0077,1404,group_29
aves_aa_4R_auth_0118,1404,group_30
aves_aa_4R_auth_0057,1404,group_31
aves_aa_4R_auth_0029,1404,group_32
aves_aa_4R_auth_0119,1405,group_05
aves_aa_4R_auth_0120,1405,group_06
aves_aa_4R_auth_0033,1405,group_07
aves_aa_4R_auth_0080,1405,group_09
aves_aa_4R_auth_0121,1405,group_08
aves_aa_4R_auth_0122,1405,group_10
aves_aa_4R_auth_0123,1405,group_11
aves_aa_4R_auth_0124,1405,group_12
aves_aa_4R_auth_0125,1405,group_13
aves_aa_4R_auth_0066,1405,group_14
aves_aa_4R_auth_0030,1405,group_15
aves_aa_4R_auth_0042,1405,group_16
aves_aa_4R_auth_0067,1405,group_17
aves_aa_4R_auth_0126,1405,group_18
aves_aa_4R_auth_0016,1405,group_19
aves_aa_4R_auth_0127,1405,group_20
aves_aa_4R_auth_0128,1405,group_21
aves_aa_4R_auth_0129,1405,group_22
aves_aa_4R_auth_0130,1405,group_23
aves_aa_4R_auth_0097,1405,group_24
aves_aa_4R_auth_0131,1405,group_25
aves_aa_4R_auth_0132,1405,group_26
aves_aa_4R_auth_0024,1405,group_27
aves_aa_4R_auth_0025,1405,group_28
aves_aa_4R_auth_0133,1405,group_29
aves_aa_4R_auth_0027,1405,group_30
aves_aa_4R_auth_0028,1405,group_31
aves_aa_4R_auth_0058,1405,group_32
aves_aa_4R_auth_0134,1406,group_05
aves_aa_4R_auth_0135,1406,group_06
aves_aa_4R_auth_0082,1406,group_07
aves_aa_4R_auth_0005,1406,group_09
aves_aa_4R_auth_0136,1406,group_08
aves_aa_4R_auth_0036,1406,group_10
aves_aa_4R_auth_0137,1406,group_11
aves_aa_4R_auth_0138,1406,group_12
aves_aa_4R_auth_0065,1406,group_13
aves_aa_4R_auth_0139,1406,group_14
aves_aa_4R_auth_0140,1406,group_15
aves_aa_4R_auth_0141,1406,group_16
aves_aa_4R_auth_0142,1406,group_17
aves_aa_4R_auth_0092,1406,group_19
aves_aa_4R_auth_0143,1406,group_20
aves_aa_4R_auth_0018,1406,group_21
aves_aa_4R_auth_0144,1406,group_22
aves_aa_4R_auth_0096,1406,group_23
aves_aa_4R_auth_0145,1406,group_24
aves_aa_4R_auth_0022,1406,group_25
aves_aa_4R_auth_0146,1406,group_26
aves_aa_4R_auth_0053,1406,group_27
aves_aa_4R_auth_0147,1406,group_28
aves_aa_4R_auth_0026,1406,group_29
aves_aa_4R_auth_0078,1406,group_30
aves_aa_4R_auth_0057,1406,group_31
aves_aa_4R_auth_0148,1406,group_32
aves_aa_4R_auth_0149,1408,group_05
aves_aa_4R_auth_0032,1408,group_06
aves_aa_4R_auth_0001,1408,group_07
aves_aa_4R_auth_0034,1408,group_09
aves_aa_4R_auth_0121,1408,group_08
aves_aa_4R_auth_0150,1408,group_10
aves_aa_4R_auth_0106,1408,group_11
aves_aa_4R_auth_0064,1408,group_12
aves_aa_4R_auth_0151,1408,group_13
aves_aa_4R_auth_0152,1408,group_14
aves_aa_4R_auth_0153,1408,group_15
aves_aa_4R_auth_0090,1408,group_16
aves_aa_4R_auth_0154,1408,group_17
aves_aa_4R_auth_0155,1408,group_18
aves_aa_4R_auth_0016,1408,group_19
aves_aa_4R_auth_0017,1408,group_20
aves_aa_4R_auth_0156,1408,group_21
aves_aa_4R_auth_0019,1408,group_22
aves_aa_4R_auth_0130,1408,group_23
aves_aa_4R_auth_0157,1408,group_24
aves_aa_4R_auth_0074,1408,group_25
aves_aa_4R_auth_0158,1408,group_26
aves_aa_4R_auth_0159,1408,group_27
aves_aa_4R_auth_0117,1408,group_28
aves_aa_4R_auth_0077,1408,group_29
aves_aa_4R_auth_0160,1408,group_30
aves_aa_4R_auth_0057,1408,group_31
aves_aa_4R_auth_0161,1408,group_32
aves_aa_4R_auth_0162,1409,group_05
aves_aa_4R_auth_0120,1409,group_06
aves_aa_4R_auth_0033,1409,group_07
aves_aa_4R_auth_0080,1409,group_09
aves_aa_4R_auth_0136,1409,group_08
aves_aa_4R_auth_0163,1409,group_10
aves_aa_4R_auth_0037,1409,group_11
aves_aa_4R_auth_0087,1409,group_12
aves_aa_4R_auth_0065,1409,group_13
aves_aa_4R_auth_0139,1409,group_14
aves_aa_4R_auth_0030,1409,group_15
aves_aa_4R_auth_0110,1409,group_16
aves_aa_4R_auth_0142,1409,group_17
aves_aa_4R_auth_0164,1409,group_18
aves_aa_4R_auth_0092,1409,group_19
aves_aa_4R_auth_0127,1409,group_20
aves_aa_4R_auth_0128,1409,group_21
aves_aa_4R_auth_0165,1409,group_22
aves_aa_4R_auth_0166,1409,group_23
aves_aa_4R_auth_0167,1409,group_24
aves_aa_4R_auth_0051,1409,group_25
aves_aa_4R_auth_0115,1409,group_26
aves_aa_4R_auth_0075,1409,group_27
aves_aa_4R_auth_0168,1409,group_28
aves_aa_4R_auth_0169,1409,group_29
aves_aa_4R_auth_0118,1409,group_30
aves_aa_4R_auth_0028,1409,group_31
aves_aa_4R_auth_0148,1409,group_32
aves_aa_4R_auth_0134,1410,group_05
aves_aa_4R_auth_0081,1410,group_06
aves_aa_4R_auth_0001,1410,group_07
aves_aa_4R_auth_0005,1410,group_09
aves_aa_4R_auth_0170,1410,group_08
aves_aa_4R_auth_0150,1410,group_10
aves_aa_4R_auth_0171,1410,group_11
aves_aa_4R_auth_0038,1410,group_12
aves_aa_4R_auth_0039,1410,group_13
aves_aa_4R_auth_0172,1410,group_14
aves_aa_4R_auth_0173,1410,group_15
aves_aa_4R_auth_0042,1410,group_16
aves_aa_4R_auth_0067,1410,group_17
aves_aa_4R_auth_0155,1410,group_18
aves_aa_4R_auth_0112,1410,group_19
aves_aa_4R_auth_0174,1410,group_20
aves_aa_4R_auth_0175,1410,group_21
aves_aa_4R_auth_0176,1410,group_22
aves_aa_4R_auth_0177,1410,group_23
aves_aa_4R_auth_0178,1410,group_24
aves_aa_4R_auth_0022,1410,group_25
aves_aa_4R_auth_0179,1410,group_26
aves_aa_4R_auth_0180,1410,group_27
aves_aa_4R_auth_0181,1410,group_28
aves_aa_4R_auth_0182,1410,group_29
aves_aa_4R_auth_0027,1410,group_30
aves_aa_4R_auth_0057,1410,group_31
aves_aa_4R_auth_0058,1410,group_32
aves_aa_4R_auth_0031,1411,group_05
aves_aa_4R_auth_0183,1411,group_06
aves_aa_4R_auth_0184,1411,group_07
aves_aa_4R_auth_0185,1411,group_09
aves_aa_4R_auth_0186,1411,group_08
aves_aa_4R_auth_0187,1411,group_10
aves_aa_4R_auth_0086,1411,group_11
aves_aa_4R_auth_0064,1411,group_12
aves_aa_4R_auth_0188,1411,group_13
aves_aa_4R_auth_0189,1411,group_14
aves_aa_4R_auth_0030,1411,group_15
aves_aa_4R_auth_0190,1411,group_16
aves_aa_4R_auth_0191,1411,group_17
aves_aa_4R_auth_0192,1411,group_18
aves_aa_4R_auth_0016,1411,group_19
aves_aa_4R_auth_0127,1411,group_20
aves_aa_4R_auth_0193,1411,group_21
aves_aa_4R_auth_0194,1411,group_22
aves_aa_4R_auth_0195,1411,group_23
aves_aa_4R_auth_0196,1411,group_24
aves_aa_4R_auth_0197,1411,group_25
aves_aa_4R_auth_0115,1411,group_26
aves_aa_4R_auth_0159,1411,group_27
aves_aa_4R_auth_0117,1411,group_28
aves_aa_4R_auth_0198,1411,group_29
aves_aa_4R_auth_0160,1411,group_30
aves_aa_4R_auth_0199,1411,group_31
aves_aa_4R_auth_0200,1411,group_32
aves_aa_4R_auth_0119,1412,group_05
aves_aa_4R_auth_0201,1412,group_06
aves_aa_4R_auth_0202,1412,group_07
aves_aa_4R_auth_0203,1412,group_09
aves_aa_4R_auth_0136,1412,group_08
aves_aa_4R_auth_0163,1412,group_10
aves_aa_4R_auth_0171,1412,group_11
aves_aa_4R_auth_0204,1412,group_12
aves_aa_4R_auth_0065,1412,group_13
aves_aa_4R_auth_0152,1412,group_14
aves_aa_4R_auth_0205,1412,group_15
aves_aa_4R_auth_0141,1412,group_16
aves_aa_4R_auth_0206,1412,group_17
aves_aa_4R_auth_0207,1412,group_18
aves_aa_4R_auth_0208,1412,group_20
aves_aa_4R_auth_0092,1412,group_19
aves_aa_4R_auth_0094,1412,group_21
aves_aa_4R_auth_0209,1412,group_22
aves_aa_4R_auth_0130,1412,group_23
aves_aa_4R_auth_0157,1412,group_24
aves_aa_4R_auth_0022,1412,group_25
aves_aa_4R_auth_0210,1412,group_26
aves_aa_4R_auth_0075,1412,group_27
aves_aa_4R_auth_0211,1412,group_28
aves_aa_4R_auth_0212,1412,group_29
aves_aa_4R_auth_0118,1412,group_30
aves_aa_4R_auth_0057,1412,group_31
aves_aa_4R_auth_0213,1412,group_09
aves_aa_4R_auth_0214,1413,group_05
aves_aa_4R_auth_0081,1413,group_06
aves_aa_4R_auth_0082,1413,group_07
aves_aa_4R_auth_0080,1413,group_09
aves_aa_4R_auth_0215,1413,group_08
aves_aa_4R_auth_0150,1413,group_10
aves_aa_4R_auth_0037,1413,group_11
aves_aa_4R_auth_0216,1413,group_13
aves_aa_4R_auth_0139,1413,group_14
aves_aa_4R_auth_0217,1413,group_15
aves_aa_4R_auth_0042,1413,group_16
aves_aa_4R_auth_0218,1413,group_17
aves_aa_4R_auth_0126,1413,group_18
aves_aa_4R_auth_0219,1413,group_19
aves_aa_4R_auth_0220,1413,group_20
aves_aa_4R_auth_0128,1413,group_21
aves_aa_4R_auth_0019,1413,group_22
aves_aa_4R_auth_0221,1413,group_23
aves_aa_4R_auth_0050,1413,group_24
aves_aa_4R_auth_0222,1413,group_25
aves_aa_4R_auth_0023,1413,group_26
aves_aa_4R_auth_0053,1413,group_27
aves_aa_4R_auth_0025,1413,group_28
aves_aa_4R_auth_0223,1413,group_29
aves_aa_4R_auth_0160,1413,group_30
aves_aa_4R_auth_0028,1413,group_31
aves_aa_4R_auth_0224,1413,group_32
aves_aa_4R_auth_0225,1414,group_05
aves_aa_4R_auth_0183,1414,group_06
aves_aa_4R_auth_0184,1414,group_07
aves_aa_4R_auth_0226,1414,group_09
aves_aa_4R_auth_0227,1414,group_08
aves_aa_4R_auth_0228,1414,group_10
aves_aa_4R_auth_0229,1414,group_11
aves_aa_4R_auth_0038,1414,group_12
aves_aa_4R_auth_0065,1414,group_13
aves_aa_4R_auth_0230,1414,group_14
aves_aa_4R_auth_0140,1414,group_15
aves_aa_4R_auth_0231,1414,group_16
aves_aa_4R_auth_0191,1414,group_17
aves_aa_4R_auth_0232,1414,group_18
aves_aa_4R_auth_0112,1414,group_19
aves_aa_4R_auth_0233,1414,group_20
aves_aa_4R_auth_0113,1414,group_21
aves_aa_4R_auth_0234,1414,group_22
aves_aa_4R_auth_0235,1414,group_23
aves_aa_4R_auth_0114,1414,group_24
aves_aa_4R_auth_0022,1414,group_25
aves_aa_4R_auth_0210,1414,group_26
aves_aa_4R_auth_0024,1414,group_27
aves_aa_4R_auth_0236,1414,group_28
aves_aa_4R_auth_0198,1414,group_29
aves_aa_4R_auth_0027,1414,group_30
aves_aa_4R_auth_0057,1414,group_31
aves_aa_4R_auth_0237,1414,group_32
aves_aa_4R_auth_0031,1415,group_05
aves_aa_4R_auth_0239,1415,group_06
aves_aa_4R_auth_0082,1415,group_07
aves_aa_4R_auth_0080,1415,group_09
aves_aa_4R_auth_0240,1415,group_08
aves_aa_4R_auth_0007,1415,group_10
aves_aa_4R_auth_0241,1415,group_11
aves_aa_4R_auth_0242,1415,group_12
aves_aa_4R_auth_0216,1415,group_13
aves_aa_4R_auth_0172,1415,group_14
aves_aa_4R_auth_0243,1415,group_15
aves_aa_4R_auth_0042,1415,group_16
aves_aa_4R_auth_0206,1415,group_17
aves_aa_4R_auth_0244,1415,group_18
aves_aa_4R_auth_0245,1415,group_19
aves_aa_4R_auth_0127,1415,group_20
aves_aa_4R_auth_0128,1415,group_21
aves_aa_4R_auth_0095,1415,group_22
aves_aa_4R_auth_0246,1415,group_23
aves_aa_4R_auth_0097,1415,group_24
aves_aa_4R_auth_0051,1415,group_25
aves_aa_4R_auth_0247,1415,group_26
aves_aa_4R_auth_0248,1415,group_27
aves_aa_4R_auth_0249,1415,group_28
aves_aa_4R_auth_0250,1415,group_29
aves_aa_4R_auth_0160,1415,group_30
aves_aa_4R_auth_0028,1415,group_31
aves_aa_4R_auth_0251,1415,group_32
aves_aa_4R_auth_0059,1416,group_05
aves_aa_4R_auth_0135,1416,group_06
aves_aa_4R_auth_0252,1416,group_07
aves_aa_4R_auth_0253,1416,group_09
aves_aa_4R_auth_0254,1416,group_08
aves_aa_4R_auth_0036,1416,group_10
aves_aa_4R_auth_0137,1416,group_11
aves_aa_4R_auth_0087,1416,group_12
aves_aa_4R_auth_0255,1416,group_13
aves_aa_4R_auth_0256,1416,group_14
aves_aa_4R_auth_0257,1416,group_15
aves_aa_4R_auth_0258,1416,group_16
aves_aa_4R_auth_0259,1416,group_17
aves_aa_4R_auth_0232,1416,group_18
aves_aa_4R_auth_0260,1416,group_19
aves_aa_4R_auth_0220,1416,group_20
aves_aa_4R_auth_0094,1416,group_21
aves_aa_4R_auth_0261,1416,group_22
aves_aa_4R_auth_0166,1416,group_23
aves_aa_4R_auth_0262,1416,group_24
aves_aa_4R_auth_0022,1416,group_25
aves_aa_4R_auth_0023,1416,group_26
aves_aa_4R_auth_0263,1416,group_27
aves_aa_4R_auth_0168,1416,group_28
aves_aa_4R_auth_0101,1416,group_29
aves_aa_4R_auth_0118,1416,group_30
aves_aa_4R_auth_0057,1416,group_31
aves_aa_4R_auth_0264,1416,group_32
aves_aa_4R_auth_0031,1417,group_05
aves_aa_4R_auth_0265,1417,group_06
aves_aa_4R_auth_0238,1417,group_07
aves_aa_4R_auth_0080,1417,group_09
aves_aa_4R_auth_0266,1417,group_08
aves_aa_4R_auth_0267,1417,group_10
aves_aa_4R_auth_0268,1417,group_11
aves_aa_4R_auth_0269,1417,group_12
aves_aa_4R_auth_0188,1417,group_13
aves_aa_4R_auth_0270,1417,group_14
aves_aa_4R_auth_0173,1417,group_15
aves_aa_4R_auth_0190,1417,group_16
aves_aa_4R_auth_0271,1417,group_17
aves_aa_4R_auth_0244,1417,group_18
aves_aa_4R_auth_0112,1417,group_19
aves_aa_4R_auth_0272,1417,group_20
aves_aa_4R_auth_0193,1417,group_21
aves_aa_4R_auth_0019,1417,group_22
aves_aa_4R_auth_0273,1417,group_23
aves_aa_4R_auth_0167,1417,group_24
aves_aa_4R_auth_0098,1417,group_25
aves_aa_4R_auth_0052,1417,group_26
aves_aa_4R_auth_0274,1417,group_27
aves_aa_4R_auth_0211,1417,group_28
aves_aa_4R_auth_0169,1417,group_29
aves_aa_4R_auth_0160,1417,group_30
aves_aa_4R_auth_0275,1417,group_31
aves_aa_4R_auth_0251,1417,group_32
aves_aa_4R_auth_0059,1418,group_05
aves_aa_4R_auth_0239,1418,group_06
aves_aa_4R_auth_0276,1418,group_07
aves_aa_4R_auth_0005,1418,group_09
aves_aa_4R_auth_0136,1418,group_08
aves_aa_4R_auth_0277,1418,group_10
aves_aa_4R_auth_0137,1418,group_11
aves_aa_4R_auth_0242,1418,group_12
aves_aa_4R_auth_0216,1418,group_13
aves_aa_4R_auth_0278,1418,group_14
aves_aa_4R_auth_0153,1418,group_15
aves_aa_4R_auth_0231,1418,group_16
aves_aa_4R_auth_0279,1418,group_17
aves_aa_4R_auth_0232,1418,group_18
aves_aa_4R_auth_0280,1418,group_19
aves_aa_4R_auth_0233,1418,group_20
aves_aa_4R_auth_0094,1418,group_21
aves_aa_4R_auth_0281,1418,group_22
aves_aa_4R_auth_0282,1418,group_23
aves_aa_4R_auth_0178,1418,group_24
aves_aa_4R_auth_0222,1418,group_25
aves_aa_4R_auth_0283,1418,group_26
aves_aa_4R_auth_0284,1418,group_27
aves_aa_4R_auth_0168,1418,group_28
aves_aa_4R_auth_0212,1418,group_29
aves_aa_4R_auth_0118,1418,group_30
aves_aa_4R_auth_0285,1418,group_31
aves_aa_4R_auth_0286,1418,group_32
aves_aa_4R_auth_0287,1419,group_05
aves_aa_4R_auth_0120,1419,group_06
aves_aa_4R_auth_0238,1419,group_07
aves_aa_4R_auth_0080,1419,group_09
aves_aa_4R_auth_0240,1419,group_08
aves_aa_4R_auth_0007,1419,group_10
aves_aa_4R_auth_0288,1419,group_11
aves_aa_4R_auth_0038,1419,group_12
aves_aa_4R_auth_0065,1419,group_13
aves_aa_4R_auth_0289,1419,group_14
aves_aa_4R_auth_0217,1419,group_15
aves_aa_4R_auth_0258,1419,group_16
aves_aa_4R_auth_0290,1419,group_17
aves_aa_4R_auth_0291,1419,group_18
aves_aa_4R_auth_0292,1419,group_19
aves_aa_4R_auth_0293,1419,group_20
aves_aa_4R_auth_0128,1419,group_21
aves_aa_4R_auth_0294,1419,group_22
aves_aa_4R_auth_0096,1419,group_23
aves_aa_4R_auth_0196,1419,group_24
aves_aa_4R_auth_0295,1419,group_25
aves_aa_4R_auth_0247,1419,group_26
aves_aa_4R_auth_0296,1419,group_27
aves_aa_4R_auth_0168,1419,group_28
aves_aa_4R_auth_0297,1419,group_29
aves_aa_4R_auth_0160,1419,group_30
aves_aa_4R_auth_0057,1419,group_31
aves_aa_4R_auth_0264,1419,group_32
aves_aa_4R_auth_0031,1420,group_05
aves_aa_4R_auth_0265,1420,group_06
aves_aa_4R_auth_0276,1420,group_07
aves_aa_4R_auth_0298,1420,group_09
aves_aa_4R_auth_0254,1420,group_08
aves_aa_4R_auth_0299,1420,group_10
aves_aa_4R_auth_0268,1420,group_11
aves_aa_4R_auth_0087,1420,group_12
aves_aa_4R_auth_0039,1420,group_13
aves_aa_4R_auth_0230,1420,group_14
aves_aa_4R_auth_0300,1420,group_15
aves_aa_4R_auth_0231,1420,group_16
aves_aa_4R_auth_0301,1420,group_17
aves_aa_4R_auth_0232,1420,group_18
aves_aa_4R_auth_0112,1420,group_19
aves_aa_4R_auth_0143,1420,group_20
aves_aa_4R_auth_0302,1420,group_21
aves_aa_4R_auth_0303,1420,group_22
aves_aa_4R_auth_0304,1420,group_23
aves_aa_4R_auth_0157,1420,group_24
aves_aa_4R_auth_0022,1420,group_25
aves_aa_4R_auth_0283,1420,group_26
aves_aa_4R_auth_0274,1420,group_27
aves_aa_4R_auth_0305,1420,group_28
aves_aa_4R_auth_0101,1420,group_29
aves_aa_4R_auth_0306,1420,group_30
aves_aa_4R_auth_0028,1420,group_31
aves_aa_4R_auth_0251,1420,group_32
aves_aa_4R_auth_0307,1421,group_05
aves_aa_4R_auth_0308,1421,group_06
aves_aa_4R_auth_0309,1421,group_07
aves_aa_4R_auth_0185,1421,group_09
aves_aa_4R_auth_0215,1421,group_08
aves_aa_4R_auth_0228,1421,group_10
aves_aa_4R_auth_0310,1421,group_11
aves_aa_4R_auth_0009,1421,group_12
aves_aa_4R_auth_0311,1421,group_13
aves_aa_4R_auth_0312,1421,group_14
aves_aa_4R_auth_0313,1421,group_15
aves_aa_4R_auth_0141,1421,group_16
aves_aa_4R_auth_0314,1421,group_17
aves_aa_4R_auth_0291,1421,group_18
aves_aa_4R_auth_0315,1421,group_19
aves_aa_4R_auth_0316,1421,group_20
aves_aa_4R_auth_0317,1421,group_21
aves_aa_4R_auth_0318,1421,group_22
aves_aa_4R_auth_0130,1421,group_23
aves_aa_4R_auth_0319,1421,group_24
aves_aa_4R_auth_0320,1421,group_25
aves_aa_4R_auth_0321,1421,group_26
aves_aa_4R_auth_0322,1421,group_27
aves_aa_4R_auth_0168,1421,group_28
aves_aa_4R_auth_0323,1421,group_29
aves_aa_4R_auth_0324,1421,group_30
aves_aa_4R_auth_0325,1421,group_31
aves_aa_4R_auth_0326,1421,group_32
aves_aa_4R_auth_0031,1422,group_05
aves_aa_4R_auth_0081,1422,group_06
aves_aa_4R_auth_0238,1422,group_07
aves_aa_4R_auth_0005,1422,group_09
aves_aa_4R_auth_0240,1422,group_08
aves_aa_4R_auth_0327,1422,group_10
aves_aa_4R_auth_0106,1422,group_11
aves_aa_4R_auth_0328,1422,group_12
aves_aa_4R_auth_0329,1422,group_13
aves_aa_4R_auth_0152,1422,group_14
aves_aa_4R_auth_0330,1422,group_15
aves_aa_4R_auth_0042,1422,group_16
aves_aa_4R_auth_0331,1422,group_17
aves_aa_4R_auth_0232,1422,group_18
aves_aa_4R_auth_0332,1422,group_19
aves_aa_4R_auth_0333,1422,group_20
aves_aa_4R_auth_0193,1422,group_21
aves_aa_4R_auth_0281,1422,group_22
aves_aa_4R_auth_0246,1422,group_23
aves_aa_4R_auth_0178,1422,group_24
aves_aa_4R_auth_0334,1422,group_25
aves_aa_4R_auth_0283,1422,group_26
aves_aa_4R_auth_0075,1422,group_27
aves_aa_4R_auth_0335,1422,group_28
aves_aa_4R_auth_0169,1422,group_29
aves_aa_4R_auth_0306,1422,group_30
aves_aa_4R_auth_0057,1422,group_31
aves_aa_4R_auth_0336,1422,group_32
aves_aa_4R_auth_0059,1423,group_05
aves_aa_4R_auth_0337,1423,group_06
aves_aa_4R_auth_0338,1423,group_07
aves_aa_4R_auth_0203,1423,group_09
aves_aa_4R_auth_0186,1423,group_08
aves_aa_4R_auth_0228,1423,group_10
aves_aa_4R_auth_0037,1423,group_11
aves_aa_4R_auth_0339,1423,group_12
aves_aa_4R_auth_0039,1423,group_13
aves_aa_4R_auth_0340,1423,group_14
aves_aa_4R_auth_0341,1423,group_15
aves_aa_4R_auth_0342,1423,group_16
aves_aa_4R_auth_0314,1423,group_17
aves_aa_4R_auth_0343,1423,group_18
aves_aa_4R_auth_0112,1423,group_19
aves_aa_4R_auth_0344,1423,group_20
aves_aa_4R_auth_0128,1423,group_21
aves_aa_4R_auth_0294,1423,group_22
aves_aa_4R_auth_0235,1423,group_23
aves_aa_4R_auth_0345,1423,group_24
aves_aa_4R_auth_0334,1423,group_25
aves_aa_4R_auth_0115,1423,group_26
aves_aa_4R_auth_0053,1423,group_27
aves_aa_4R_auth_0168,1423,group_28
aves_aa_4R_auth_0346,1423,group_29
aves_aa_4R_auth_0347,1423,group_31
aves_aa_4R_auth_0251,1423,group_32
aves_aa_4R_auth_0160,1423,group_30
aves_aa_4R_auth_0031,1424,group_05
aves_aa_4R_auth_0348,1424,group_06
aves_aa_4R_auth_0238,1424,group_07
aves_aa_4R_auth_0349,1424,group_09
aves_aa_4R_auth_0136,1424,group_08
aves_aa_4R_auth_0036,1424,group_10
aves_aa_4R_auth_0241,1424,group_11
aves_aa_4R_auth_0242,1424,group_12
aves_aa_4R_auth_0350,1424,group_13
aves_aa_4R_auth_0351,1424,group_14
aves_aa_4R_auth_0352,1424,group_15
aves_aa_4R_auth_0353,1424,group_16
aves_aa_4R_auth_0354,1424,group_17
aves_aa_4R_auth_0355,1424,group_18
aves_aa_4R_auth_0356,1424,group_19
aves_aa_4R_auth_0357,1424,group_20
aves_aa_4R_auth_0358,1424,group_21
aves_aa_4R_auth_0261,1424,group_22
aves_aa_4R_auth_0304,1424,group_23
aves_aa_4R_auth_0073,1424,group_24
aves_aa_4R_auth_0197,1424,group_25
aves_aa_4R_auth_0179,1424,group_26
aves_aa_4R_auth_0024,1424,group_27
aves_aa_4R_auth_0359,1424,group_28
aves_aa_4R_auth_0323,1424,group_29
aves_aa_4R_auth_0306,1424,group_30
aves_aa_4R_auth_0057,1424,group_31
aves_aa_4R_auth_0326,1424,group_32
aves_aa_4R_auth_0361,1425,group_05
aves_aa_4R_auth_0081,1425,group_06
aves_aa_4R_auth_0004,1425,group_07
aves_aa_4R_auth_0362,1425,group_08
aves_aa_4R_auth_0253,1425,group_09
aves_aa_4R_auth_0277,1425,group_10
aves_aa_4R_auth_0106,1425,group_11
aves_aa_4R_auth_0363,1425,group_12
aves_aa_4R_auth_0311,1425,group_13
aves_aa_4R_auth_0364,1425,group_14
aves_aa_4R_auth_0365,1425,group_15
aves_aa_4R_auth_0366,1425,group_16
aves_aa_4R_auth_0259,1425,group_17
aves_aa_4R_auth_0343,1425,group_18
aves_aa_4R_auth_0332,1425,group_19
aves_aa_4R_auth_0293,1425,group_20
aves_aa_4R_auth_0128,1425,group_21
aves_aa_4R_auth_0367,1425,group_22
aves_aa_4R_auth_0368,1425,group_23
aves_aa_4R_auth_0369,1425,group_24
aves_aa_4R_auth_0370,1425,group_25
aves_aa_4R_auth_0283,1425,group_26
aves_aa_4R_auth_0371,1425,group_27
aves_aa_4R_auth_0168,1425,group_28
aves_aa_4R_auth_0198,1425,group_29
aves_aa_4R_auth_0372,1425,group_30
aves_aa_4R_auth_0275,1425,group_31
aves_aa_4R_auth_0373,1425,group_32
aves_aa_4R_auth_0162,1426,group_05
aves_aa_4R_auth_0120,1426,group_06
aves_aa_4R_auth_0238,1426,group_07
aves_aa_4R_auth_0136,1426,group_08
aves_aa_4R_auth_0185,1426,group_09
aves_aa_4R_auth_0267,1426,group_10
aves_aa_4R_auth_0268,1426,group_11
aves_aa_4R_auth_0374,1426,group_12
aves_aa_4R_auth_0188,1426,group_13
aves_aa_4R_auth_0351,1426,group_14
aves_aa_4R_auth_0360,1426,group_15
aves_aa_4R_auth_0375,1426,group_16
aves_aa_4R_auth_0376,1426,group_17
aves_aa_4R_auth_0377,1426,group_18
aves_aa_4R_auth_0378,1426,group_19
aves_aa_4R_auth_0208,1426,group_20
aves_aa_4R_auth_0193,1426,group_21
aves_aa_4R_auth_0281,1426,group_22
aves_aa_4R_auth_0130,1426,group_23
aves_aa_4R_auth_0379,1426,group_24
aves_aa_4R_auth_0380,1426,group_25
aves_aa_4R_auth_0146,1426,group_26
aves_aa_4R_auth_0284,1426,group_27
aves_aa_4R_auth_0236,1426,group_28
aves_aa_4R_auth_0381,1426,group_29
aves_aa_4R_auth_0306,1426,group_30
aves_aa_4R_auth_0028,1426,group_31
aves_aa_4R_auth_0382,1426,group_32
aves_aa_4R_auth_0383,1427,group_05
aves_aa_4R_auth_0081,1427,group_06
aves_aa_4R_auth_0384,1427,group_07
aves_aa_4R_auth_0254,1427,group_08
aves_aa_4R_auth_0385,1427,group_09
aves_aa_4R_auth_0386,1427,group_10
aves_aa_4R_auth_0387,1427,group_11
aves_aa_4R_auth_0339,1427,group_12
aves_aa_4R_auth_0039,1427,group_13
aves_aa_4R_auth_0230,1427,group_14
aves_aa_4R_auth_0360,1427,group_15
aves_aa_4R_auth_0042,1427,group_16
aves_aa_4R_auth_0154,1427,group_17
aves_aa_4R_auth_0388,1427,group_18
aves_aa_4R_auth_0389,1427,group_19
aves_aa_4R_auth_0390,1427,group_20
aves_aa_4R_auth_0128,1427,group_21
aves_aa_4R_auth_0194,1427,group_22
aves_aa_4R_auth_0282,1427,group_23
aves_aa_4R_auth_0319,1427,group_24
aves_aa_4R_auth_0391,1427,group_25
aves_aa_4R_auth_0283,1427,group_26
aves_aa_4R_auth_0392,1427,group_27
aves_aa_4R_auth_0393,1427,group_28
aves_aa_4R_auth_0394,1427,group_29
aves_aa_4R_auth_0324,1427,group_30
aves_aa_4R_auth_0395,1427,group_31
aves_aa_4R_auth_0396,1427,group_32
aves_aa_4R_auth_0397,1428,group_05
aves_aa_4R_auth_0337,1428,group_06
aves_aa_4R_auth_0238,1428,group_07
aves_aa_4R_auth_0136,1428,group_08
aves_aa_4R_auth_0398,1428,group_09
aves_aa_4R_auth_0399,1428,group_10
aves_aa_4R_auth_0400,1428,group_11
aves_aa_4R_auth_0401,1428,group_12
aves_aa_4R_auth_0402,1428,group_13
aves_aa_4R_auth_0403,1428,group_14
aves_aa_4R_auth_0352,1428,group_15
aves_aa_4R_auth_0353,1428,group_16
aves_aa_4R_auth_0404,1428,group_17
aves_aa_4R_auth_0377,1428,group_18
aves_aa_4R_auth_0405,1428,group_19
aves_aa_4R_auth_0233,1428,group_20
aves_aa_4R_auth_0406,1428,group_21
aves_aa_4R_auth_0407,1428,group_22
aves_aa_4R_auth_0408,1428,group_23
aves_aa_4R_auth_0262,1428,group_24
aves_aa_4R_auth_0409,1428,group_25
aves_aa_4R_auth_0179,1428,group_26
aves_aa_4R_auth_0410,1428,group_27
aves_aa_4R_auth_0411,1428,group_28
aves_aa_4R_auth_0412,1428,group_29
aves_aa_4R_auth_0306,1428,group_30
aves_aa_4R_auth_0028,1428,group_31
aves_aa_4R_auth_0413,1428,group_32
aves_aa_4R_auth_0414,1429,group_05
aves_aa_4R_auth_0081,1429,group_06
aves_aa_4R_auth_0415,1429,group_07
aves_aa_4R_auth_0416,1429,group_08
aves_aa_4R_auth_0417,1429,group_09
aves_aa_4R_auth_0299,1429,group_10
aves_aa_4R_auth_0268,1429,group_11
aves_aa_4R_auth_0269,1429,group_12
aves_aa_4R_auth_0188,1429,group_13
aves_aa_4R_auth_0152,1429,group_14
aves_aa_4R_auth_0173,1429,group_15
aves_aa_4R_auth_0418,1429,group_16
aves_aa_4R_auth_0419,1429,group_17
aves_aa_4R_auth_0420,1429,group_18
aves_aa_4R_auth_0245,1429,group_19
aves_aa_4R_auth_0316,1429,group_20
aves_aa_4R_auth_0358,1429,group_21
aves_aa_4R_auth_0261,1429,group_22
aves_aa_4R_auth_0246,1429,group_23
aves_aa_4R_auth_0421,1429,group_24
aves_aa_4R_auth_0334,1429,group_25
aves_aa_4R_auth_0422,1429,group_26
aves_aa_4R_auth_0423,1429,group_27
aves_aa_4R_auth_0168,1429,group_28
aves_aa_4R_auth_0198,1429,group_29
aves_aa_4R_auth_0324,1429,group_30
aves_aa_4R_auth_0424,1429,group_31
aves_aa_4R_auth_0425,1429,group_32
aves_aa_4R_auth_0361,1430,group_05
aves_aa_4R_auth_0348,1430,group_06
aves_aa_4R_auth_0238,1430,group_07
aves_aa_4R_auth_0240,1430,group_08
aves_aa_4R_auth_0349,1430,group_09
aves_aa_4R_auth_0426,1430,group_10
aves_aa_4R_auth_0106,1430,group_11
aves_aa_4R_auth_0427,1430,group_12
aves_aa_4R_auth_0039,1430,group_13
aves_aa_4R_auth_0428,1430,group_14
aves_aa_4R_auth_0429,1430,group_15
aves_aa_4R_auth_0375,1430,group_16
aves_aa_4R_auth_0376,1430,group_17
aves_aa_4R_auth_0377,1430,group_18
aves_aa_4R_auth_0378,1430,group_19
aves_aa_4R_auth_0430,1430,group_20
aves_aa_4R_auth_0431,1430,group_21
aves_aa_4R_auth_0281,1430,group_22
aves_aa_4R_auth_0432,1430,group_23
aves_aa_4R_auth_0433,1430,group_24
aves_aa_4R_auth_0222,1430,group_25
aves_aa_4R_auth_0283,1430,group_26
aves_aa_4R_auth_0434,1430,group_27
aves_aa_4R_auth_0335,1430,group_28
aves_aa_4R_auth_0346,1430,group_29
aves_aa_4R_auth_0435,1430,group_30
aves_aa_4R_auth_0028,1430,group_31
aves_aa_4R_auth_0326,1430,group_32
aves_aa_4R_auth_0134,1431,group_05
aves_aa_4R_auth_0081,1431,group_06
aves_aa_4R_auth_0436,1431,group_07
aves_aa_4R_auth_0437,1431,group_08
aves_aa_4R_auth_0253,1431,group_09
aves_aa_4R_auth_0327,1431,group_10
aves_aa_4R_auth_0268,1431,group_11
aves_aa_4R_auth_0438,1431,group_12
aves_aa_4R_auth_0350,1431,group_13
aves_aa_4R_auth_0351,1431,group_14
aves_aa_4R_auth_0439,1431,group_15
aves_aa_4R_auth_0231,1431,group_16
aves_aa_4R_auth_0314,1431,group_17
aves_aa_4R_auth_0388,1431,group_18
aves_aa_4R_auth_0112,1431,group_19
aves_aa_4R_auth_0390,1431,group_20
aves_aa_4R_auth_0128,1431,group_21
aves_aa_4R_auth_0294,1431,group_22
aves_aa_4R_auth_0282,1431,group_23
aves_aa_4R_auth_0440,1431,group_24
aves_aa_4R_auth_0380,1431,group_25
aves_aa_4R_auth_0179,1431,group_26
aves_aa_4R_auth_0410,1431,group_27
aves_aa_4R_auth_0168,1431,group_28
aves_aa_4R_auth_0381,1431,group_29
aves_aa_4R_auth_0306,1431,group_30
aves_aa_4R_auth_0424,1431,group_31
aves_aa_4R_auth_0413,1431,group_32
aves_aa_4R_auth_0441,1433,group_05
aves_aa_4R_auth_0081,1433,group_06
aves_aa_4R_auth_0238,1433,group_07
aves_aa_4R_auth_0442,1433,group_08
aves_aa_4R_auth_0349,1433,group_09
aves_aa_4R_auth_0443,1433,group_10
aves_aa_4R_auth_0444,1433,group_11
aves_aa_4R_auth_0242,1433,group_12
aves_aa_4R_auth_0188,1433,group_13
aves_aa_4R_auth_0312,1433,group_14
aves_aa_4R_auth_0341,1433,group_15
aves_aa_4R_auth_0366,1433,group_16
aves_aa_4R_auth_0314,1433,group_17
aves_aa_4R_auth_0388,1433,group_18
aves_aa_4R_auth_0315,1433,group_19
aves_aa_4R_auth_0293,1433,group_20
aves_aa_4R_auth_0128,1433,group_21
aves_aa_4R_auth_0445,1433,group_22
aves_aa_4R_auth_0446,1433,group_23
aves_aa_4R_auth_0447,1433,group_24
aves_aa_4R_auth_0334,1433,group_25
aves_aa_4R_auth_0448,1433,group_26
aves_aa_4R_auth_0392,1433,group_27
aves_aa_4R_auth_0168,1433,group_28
aves_aa_4R_auth_0449,1433,group_29
aves_aa_4R_auth_0450,1433,group_30
aves_aa_4R_auth_0424,1433,group_31
aves_aa_4R_auth_0451,1433,group_32
aves_aa_4R_auth_0361,1434,group_05
aves_aa_4R_auth_0348,1434,group_06
aves_aa_4R_auth_0436,1434,group_07
aves_aa_4R_auth_0136,1434,group_08
aves_aa_4R_auth_0452,1434,group_09
aves_aa_4R_auth_0299,1434,group_10
aves_aa_4R_auth_0387,1434,group_11
aves_aa_4R_auth_0427,1434,group_12
aves_aa_4R_auth_0039,1434,group_13
aves_aa_4R_auth_0364,1434,group_14
aves_aa_4R_auth_0173,1434,group_15
aves_aa_4R_auth_0375,1434,group_16
aves_aa_4R_auth_0453,1434,group_17
aves_aa_4R_auth_0232,1434,group_18
aves_aa_4R_auth_0112,1434,group_19
aves_aa_4R_auth_0208,1434,group_20
aves_aa_4R_auth_0193,1434,group_21
aves_aa_4R_auth_0281,1434,group_22
aves_aa_4R_auth_0368,1434,group_23
aves_aa_4R_auth_0379,1434,group_24
aves_aa_4R_auth_0222,1434,group_25
aves_aa_4R_auth_0422,1434,group_26
aves_aa_4R_auth_0075,1434,group_27
aves_aa_4R_auth_0305,1434,group_28
aves_aa_4R_auth_0346,1434,group_29
aves_aa_4R_auth_0435,1434,group_30
aves_aa_4R_auth_0395,1434,group_31
aves_aa_4R_auth_0373,1434,group_32
aves_aa_4R_auth_0454,1435,group_05
aves_aa_4R_auth_0455,1435,group_06
aves_aa_4R_auth_0309,1435,group_07
aves_aa_4R_auth_0416,1435,group_08
aves_aa_4R_auth_0185,1435,group_09
aves_aa_4R_auth_0456,1435,group_10
aves_aa_4R_auth_0268,1435,group_11
aves_aa_4R_auth_0328,1435,group_12
aves_aa_4R_auth_0311,1435,group_13
aves_aa_4R_auth_0457,1435,group_14
aves_aa_4R_auth_0352,1435,group_15
aves_aa_4R_auth_0418,1435,group_16
aves_aa_4R_auth_0458,1435,group_17
aves_aa_4R_auth_0388,1435,group_18
aves_aa_4R_auth_0459,1435,group_19
aves_aa_4R_auth_0293,1435,group_20
aves_aa_4R_auth_0128,1435,group_21
aves_aa_4R_auth_0460,1435,group_22
aves_aa_4R_auth_0130,1435,group_23
aves_aa_4R_auth_0421,1435,group_24
aves_aa_4R_auth_0461,1435,group_25
aves_aa_4R_auth_0462,1435,group_26
aves_aa_4R_auth_0463,1435,group_27
aves_aa_4R_auth_0168,1435,group_28
aves_aa_4R_auth_0464,1435,group_29
aves_aa_4R_auth_0465,1435,group_30
aves_aa_4R_auth_0028,1435,group_31
aves_aa_4R_auth_0466,1435,group_32
aves_aa_4R_auth_0361,1436,group_05
aves_aa_4R_auth_0081,1436,group_06
aves_aa_4R_auth_0238,1436,group_07
aves_aa_4R_auth_0467,1436,group_08
aves_aa_4R_auth_0203,1436,group_09
aves_aa_4R_auth_0327,1436,group_10
aves_aa_4R_auth_0123,1436,group_11
aves_aa_4R_auth_0468,1436,group_12
aves_aa_4R_auth_0188,1436,group_13
aves_aa_4R_auth_0230,1436,group_14
aves_aa_4R_auth_0365,1436,group_15
aves_aa_4R_auth_0353,1436,group_16
aves_aa_4R_auth_0314,1436,group_17
aves_aa_4R_auth_0232,1436,group_18
aves_aa_4R_auth_0245,1436,group_19
aves_aa_4R_auth_0469,1436,group_20
aves_aa_4R_auth_0470,1436,group_21
aves_aa_4R_auth_0261,1436,group_22
aves_aa_4R_auth_0282,1436,group_23
aves_aa_4R_auth_0471,1436,group_24
aves_aa_4R_auth_0334,1436,group_25
aves_aa_4R_auth_0472,1436,group_26
aves_aa_4R_auth_0392,1436,group_27
aves_aa_4R_auth_0393,1436,group_28
aves_aa_4R_auth_0412,1436,group_29
aves_aa_4R_auth_0435,1436,group_30
aves_aa_4R_auth_0424,1436,group_31
aves_aa_4R_auth_0473,1436,group_32
aves_aa_4R_auth_0225,1437,group_05
aves_aa_4R_auth_0348,1437,group_06
aves_aa_4R_auth_0384,1437,group_07
aves_aa_4R_auth_0136,1437,group_08
aves_aa_4R_auth_0474,1437,group_09
aves_aa_4R_auth_0299,1437,group_10
aves_aa_4R_auth_0268,1437,group_11
aves_aa_4R_auth_0427,1437,group_12
aves_aa_4R_auth_0311,1437,group_13
aves_aa_4R_auth_0475,1437,group_14
aves_aa_4R_auth_0352,1437,group_15
aves_aa_4R_auth_0476,1437,group_16
aves_aa_4R_auth_0458,1437,group_17
aves_aa_4R_auth_0477,1437,group_18
aves_aa_4R_auth_0405,1437,group_19
aves_aa_4R_auth_0293,1437,group_20
aves_aa_4R_auth_0128,1437,group_21
aves_aa_4R_auth_0478,1437,group_22
aves_aa_4R_auth_0479,1437,group_23
aves_aa_4R_auth_0421,1437,group_24
aves_aa_4R_auth_0480,1437,group_25
aves_aa_4R_auth_0179,1437,group_26
aves_aa_4R_auth_0284,1437,group_27
aves_aa_4R_auth_0481,1437,group_28
aves_aa_4R_auth_0482,1437,group_29
aves_aa_4R_auth_0483,1437,group_30
aves_aa_4R_auth_0484,1437,group_31
aves_aa_4R_auth_0485,1437,group_32
aves_aa_4R_auth_0361,1438,group_05
aves_aa_4R_auth_0081,1438,group_06
aves_aa_4R_auth_0309,1438,group_07
aves_aa_4R_auth_0486,1438,group_08
aves_aa_4R_auth_0349,1438,group_09
aves_aa_4R_auth_0386,1438,group_10
aves_aa_4R_auth_0123,1438,group_11
aves_aa_4R_auth_0487,1438,group_12
aves_aa_4R_auth_0188,1438,group_13
aves_aa_4R_auth_0340,1438,group_14
aves_aa_4R_auth_0341,1438,group_15
aves_aa_4R_auth_0418,1438,group_16
aves_aa_4R_auth_0488,1438,group_17
aves_aa_4R_auth_0489,1438,group_18
aves_aa_4R_auth_0378,1438,group_19
aves_aa_4R_auth_0490,1438,group_20
aves_aa_4R_auth_0193,1438,group_21
aves_aa_4R_auth_0491,1438,group_22
aves_aa_4R_auth_0432,1438,group_23
aves_aa_4R_auth_0492,1438,group_24
aves_aa_4R_auth_0493,1438,group_25
aves_aa_4R_auth_0494,1438,group_26
aves_aa_4R_auth_0495,1438,group_27
aves_aa_4R_auth_0496,1438,group_28
aves_aa_4R_auth_0497,1438,group_29
aves_aa_4R_auth_0450,1438,group_30
aves_aa_4R_auth_0424,1438,group_31
aves_aa_4R_auth_0425,1438,group_32
aves_aa_4R_auth_0498,1439,group_05
aves_aa_4R_auth_0499,1439,group_06
aves_aa_4R_auth_0338,1439,group_07
aves_aa_4R_auth_0136,1439,group_08
aves_aa_4R_auth_0253,1439,group_09
aves_aa_4R_auth_0327,1439,group_10
aves_aa_4R_auth_0268,1439,group_11
aves_aa_4R_auth_0328,1439,group_12
aves_aa_4R_auth_0500,1439,group_13
aves_aa_4R_auth_0364,1439,group_14
aves_aa_4R_auth_0501,1439,group_15
aves_aa_4R_auth_0366,1439,group_16
aves_aa_4R_auth_0314,1439,group_17
aves_aa_4R_auth_0477,1439,group_18
aves_aa_4R_auth_0332,1439,group_19
aves_aa_4R_auth_0316,1439,group_20
aves_aa_4R_auth_0502,1439,group_21
aves_aa_4R_auth_0503,1439,group_22
aves_aa_4R_auth_0504,1439,group_23
aves_aa_4R_auth_0421,1439,group_24
aves_aa_4R_auth_0334,1439,group_25
aves_aa_4R_auth_0505,1439,group_26
aves_aa_4R_auth_0506,1439,group_27
aves_aa_4R_auth_0507,1439,group_28
aves_aa_4R_auth_0464,1439,group_29
aves_aa_4R_auth_0435,1439,group_30
aves_aa_4R_auth_0508,1439,group_31
aves_aa_4R_auth_0326,1439,group_32
aves_aa_4R_auth_0361,1440,group_05
aves_aa_4R_auth_0081,1440,group_06
aves_aa_4R_auth_0509,1440,group_07
aves_aa_4R_auth_0254,1440,group_08
aves_aa_4R_auth_0349,1440,group_09
aves_aa_4R_auth_0386,1440,group_10
aves_aa_4R_auth_0510,1440,group_11
aves_aa_4R_auth_0427,1440,group_12
aves_aa_4R_auth_0311,1440,group_13
aves_aa_4R_auth_0511,1440,group_14
aves_aa_4R_auth_0352,1440,group_15
aves_aa_4R_auth_0418,1440,group_16
aves_aa_4R_auth_0488,1440,group_17
aves_aa_4R_auth_0489,1440,group_18
aves_aa_4R_auth_0512,1440,group_19
aves_aa_4R_auth_0513,1440,group_20
aves_aa_4R_auth_0514,1440,group_21
aves_aa_4R_auth_0445,1440,group_22
aves_aa_4R_auth_0515,1440,group_23
aves_aa_4R_auth_0516,1440,group_24
aves_aa_4R_auth_0222,1440,group_25
aves_aa_4R_auth_0422,1440,group_26
aves_aa_4R_auth_0517,1440,group_27
aves_aa_4R_auth_0518,1440,group_28
aves_aa_4R_auth_0519,1440,group_29
aves_aa_4R_auth_0520,1440,group_30
aves_aa_4R_auth_0521,1440,group_31
aves_aa_4R_auth_0413,1440,group_32
aves_aa_4R_auth_0522,1441,group_05
aves_aa_4R_auth_0348,1441,group_06
aves_aa_4R_auth_0523,1441,group_07
aves_aa_4R_auth_0524,1441,group_08
aves_aa_4R_auth_0525,1441,group_09
aves_aa_4R_auth_0526,1441,group_10
aves_aa_4R_auth_0268,1441,group_11
aves_aa_4R_auth_0527,1441,group_12
aves_aa_4R_auth_0500,1441,group_13
aves_aa_4R_auth_0312,1441,group_14
aves_aa_4R_auth_0365,1441,group_15
aves_aa_4R_auth_0528,1441,group_16
aves_aa_4R_auth_0453,1441,group_17
aves_aa_4R_auth_0477,1441,group_18
aves_aa_4R_auth_0315,1441,group_19
aves_aa_4R_auth_0529,1441,group_20
aves_aa_4R_auth_0358,1441,group_21
aves_aa_4R_auth_0478,1441,group_22
aves_aa_4R_auth_0530,1441,group_23
aves_aa_4R_auth_0421,1441,group_24
aves_aa_4R_auth_0334,1441,group_25
aves_aa_4R_auth_0531,1441,group_26
aves_aa_4R_auth_0532,1441,group_27
aves_aa_4R_auth_0305,1441,group_28
aves_aa_4R_auth_0533,1441,group_29
aves_aa_4R_auth_0435,1441,group_30
aves_aa_4R_auth_0424,1441,group_31
aves_aa_4R_auth_0425,1441,group_32
aves_aa_4R_auth_0361,1442,group_05
aves_aa_4R_auth_0455,1442,group_06
aves_aa_4R_auth_0535,1442,group_07
aves_aa_4R_auth_0136,1442,group_08
aves_aa_4R_auth_0349,1442,group_09
aves_aa_4R_auth_0399,1442,group_10
aves_aa_4R_auth_0444,1442,group_11
aves_aa_4R_auth_0536,1442,group_12
aves_aa_4R_auth_0311,1442,group_13
aves_aa_4R_auth_0152,1442,group_14
aves_aa_4R_auth_0352,1442,group_15
aves_aa_4R_auth_0418,1442,group_16
aves_aa_4R_auth_0488,1442,group_17
aves_aa_4R_auth_0489,1442,group_18
aves_aa_4R_auth_0245,1442,group_19
aves_aa_4R_auth_0537,1442,group_20
aves_aa_4R_auth_0193,1442,group_21
aves_aa_4R_auth_0538,1442,group_22
aves_aa_4R_auth_0195,1442,group_23
aves_aa_4R_auth_0539,1442,group_24
aves_aa_4R_auth_0461,1442,group_25
aves_aa_4R_auth_0179,1442,group_26
aves_aa_4R_auth_0506,1442,group_27
aves_aa_4R_auth_0540,1442,group_28
aves_aa_4R_auth_0541,1442,group_29
aves_aa_4R_auth_0520,1442,group_30
aves_aa_4R_auth_0521,1442,group_31
aves_aa_4R_auth_0542,1442,group_32
aves_aa_4R_auth_0543,1443,group_05
aves_aa_4R_auth_0081,1443,group_06
aves_aa_4R_auth_0544,1443,group_07
aves_aa_4R_auth_0545,1443,group_08
aves_aa_4R_auth_0417,1443,group_09
aves_aa_4R_auth_0546,1443,group_10
aves_aa_4R_auth_0268,1443,group_11
aves_aa_4R_auth_0427,1443,group_12
aves_aa_4R_auth_0500,1443,group_13
aves_aa_4R_auth_0256,1443,group_14
aves_aa_4R_auth_0547,1443,group_15
aves_aa_4R_auth_0548,1443,group_16
aves_aa_4R_auth_0314,1443,group_17
aves_aa_4R_auth_0477,1443,group_18
aves_aa_4R_auth_0378,1443,group_19
aves_aa_4R_auth_0344,1443,group_20
aves_aa_4R_auth_0549,1443,group_21
aves_aa_4R_auth_0460,1443,group_22
aves_aa_4R_auth_0504,1443,group_23
aves_aa_4R_auth_0550,1443,group_24
aves_aa_4R_auth_0480,1443,group_25
aves_aa_4R_auth_0505,1443,group_26
aves_aa_4R_auth_0551,1443,group_27
aves_aa_4R_auth_0552,1443,group_28
aves_aa_4R_auth_0553,1443,group_29
aves_aa_4R_auth_0450,1443,group_30
aves_aa_4R_auth_0424,1443,group_31
aves_aa_4R_auth_0413,1443,group_32
aves_aa_4R_auth_0361,1444,group_05
aves_aa_4R_auth_0348,1444,group_06
aves_aa_4R_auth_0534,1444,group_07
aves_aa_4R_auth_0136,1444,group_08
aves_aa_4R_auth_0349,1444,group_09
aves_aa_4R_auth_0327,1444,group_10
aves_aa_4R_auth_0554,1444,group_11
aves_aa_4R_auth_0536,1444,group_12
aves_aa_4R_auth_0555,1444,group_13
aves_aa_4R_auth_0511,1444,group_14
aves_aa_4R_auth_0556,1444,group_15
aves_aa_4R_auth_0353,1444,group_16
aves_aa_4R_auth_0488,1444,group_17
aves_aa_4R_auth_0557,1444,group_18
aves_aa_4R_auth_0332,1444,group_19
aves_aa_4R_auth_0558,1444,group_20
aves_aa_4R_auth_0514,1444,group_21
aves_aa_4R_auth_0261,1444,group_22
aves_aa_4R_auth_0130,1444,group_23
aves_aa_4R_auth_0157,1444,group_24
aves_aa_4R_auth_0559,1444,group_25
aves_aa_4R_auth_0494,1444,group_26
aves_aa_4R_auth_0495,1444,group_27
aves_aa_4R_auth_0507,1444,group_28
aves_aa_4R_auth_0412,1444,group_29
aves_aa_4R_auth_0520,1444,group_30
aves_aa_4R_auth_0325,1444,group_31
aves_aa_4R_auth_0466,1444,group_32
aves_aa_4R_auth_0560,1445,group_05
aves_aa_4R_auth_0081,1445,group_06
aves_aa_4R_auth_0384,1445,group_07
aves_aa_4R_auth_0524,1445,group_08
aves_aa_4R_auth_0253,1445,group_09
aves_aa_4R_auth_0561,1445,group_10
aves_aa_4R_auth_0510,1445,group_11
aves_aa_4R_auth_0527,1445,group_12
aves_aa_4R_auth_0562,1445,group_13
aves_aa_4R_auth_0364,1445,group_14
aves_aa_4R_auth_0563,1445,group_15
aves_aa_4R_auth_0528,1445,group_16
aves_aa_4R_auth_0453,1445,group_17
aves_aa_4R_auth_0477,1445,group_18
aves_aa_4R_auth_0378,1445,group_19
aves_aa_4R_auth_0344,1445,group_20
aves_aa_4R_auth_0564,1445,group_21
aves_aa_4R_auth_0445,1445,group_22
aves_aa_4R_auth_0565,1445,group_23
aves_aa_4R_auth_0421,1445,group_24
aves_aa_4R_auth_0334,1445,group_25
aves_aa_4R_auth_0566,1445,group_26
aves_aa_4R_auth_0506,1445,group_27
aves_aa_4R_auth_0305,1445,group_28
aves_aa_4R_auth_0567,1445,group_29
aves_aa_4R_auth_0568,1445,group_30
aves_aa_4R_auth_0424,1445,group_31
aves_aa_4R_auth_0542,1445,group_32
aves_aa_4R_auth_0569,1446,group_05
aves_aa_4R_auth_0570,1446,group_06
aves_aa_4R_auth_0535,1446,group_07
aves_aa_4R_auth_0486,1446,group_08
aves_aa_4R_auth_0349,1446,group_09
aves_aa_4R_auth_0571,1446,group_10
aves_aa_4R_auth_0572,1446,group_11
aves_aa_4R_auth_0573,1446,group_12
aves_aa_4R_auth_0311,1446,group_13
aves_aa_4R_auth_0152,1446,group_14
aves_aa_4R_auth_0352,1446,group_15
aves_aa_4R_auth_0574,1446,group_16
aves_aa_4R_auth_0314,1446,group_17
aves_aa_4R_auth_0557,1446,group_18
aves_aa_4R_auth_0459,1446,group_19
aves_aa_4R_auth_0469,1446,group_20
aves_aa_4R_auth_0575,1446,group_21
aves_aa_4R_auth_0538,1446,group_22
aves_aa_4R_auth_0576,1446,group_23
aves_aa_4R_auth_0577,1446,group_24
aves_aa_4R_auth_0222,1446,group_25
aves_aa_4R_auth_0422,1446,group_26
aves_aa_4R_auth_0578,1446,group_27
aves_aa_4R_auth_0496,1446,group_28
aves_aa_4R_auth_0464,1446,group_29
aves_aa_4R_auth_0520,1446,group_30
aves_aa_4R_auth_0521,1446,group_31
aves_aa_4R_auth_0413,1446,group_32
aves_aa_4R_auth_0522,1447,group_05
aves_aa_4R_auth_0081,1447,group_06
aves_aa_4R_auth_0384,1447,group_07
aves_aa_4R_auth_0467,1447,group_08
aves_aa_4R_auth_0579,1447,group_09
aves_aa_4R_auth_0580,1447,group_10
aves_aa_4R_auth_0581,1447,group_11
aves_aa_4R_auth_0582,1447,group_12
aves_aa_4R_auth_0500,1447,group_13
aves_aa_4R_auth_0312,1447,group_14
aves_aa_4R_auth_0583,1447,group_15
aves_aa_4R_auth_0548,1447,group_16
aves_aa_4R_auth_0488,1447,group_17
aves_aa_4R_auth_0477,1447,group_18
aves_aa_4R_auth_0584,1447,group_19
aves_aa_4R_auth_0585,1447,group_20
aves_aa_4R_auth_0502,1447,group_21
aves_aa_4R_auth_0503,1447,group_22
aves_aa_4R_auth_0586,1447,group_23
aves_aa_4R_auth_0421,1447,group_24
aves_aa_4R_auth_0334,1447,group_25
aves_aa_4R_auth_0587,1447,group_26
aves_aa_4R_auth_0588,1447,group_27
aves_aa_4R_auth_0589,1447,group_28
aves_aa_4R_auth_0590,1447,group_29
aves_aa_4R_auth_0568,1447,group_30
aves_aa_4R_auth_0325,1447,group_31
aves_aa_4R_auth_0425,1447,group_32
aves_aa_4R_auth_0591,1448,group_05
aves_aa_4R_auth_0348,1448,group_06
aves_aa_4R_auth_0509,1448,group_07
aves_aa_4R_auth_0524,1448,group_08
aves_aa_4R_auth_0253,1448,group_09
aves_aa_4R_auth_0561,1448,group_10
aves_aa_4R_auth_0510,1448,group_11
aves_aa_4R_auth_0536,1448,group_12
aves_aa_4R_auth_0555,1448,group_13
aves_aa_4R_auth_0511,1448,group_14
aves_aa_4R_auth_0352,1448,group_15
aves_aa_4R_auth_0592,1448,group_16
aves_aa_4R_auth_0593,1448,group_17
aves_aa_4R_auth_0557,1448,group_18
aves_aa_4R_auth_0594,1448,group_19
aves_aa_4R_auth_0595,1448,group_20
aves_aa_4R_auth_0549,1448,group_21
aves_aa_4R_auth_0596,1448,group_22
aves_aa_4R_auth_0597,1448,group_23
aves_aa_4R_auth_0262,1448,group_24
aves_aa_4R_auth_0493,1448,group_25
aves_aa_4R_auth_0505,1448,group_26
aves_aa_4R_auth_0506,1448,group_27
aves_aa_4R_auth_0481,1448,group_28
aves_aa_4R_auth_0519,1448,group_29
aves_aa_4R_auth_0450,1448,group_30
aves_aa_4R_auth_0598,1448,group_31
aves_aa_4R_auth_0473,1448,group_32
aves_aa_4R_auth_0599,1449,group_05
aves_aa_4R_auth_0570,1449,group_06
aves_aa_4R_auth_0535,1449,group_07
aves_aa_4R_auth_0486,1449,group_08
aves_aa_4R_auth_0349,1449,group_09
aves_aa_4R_auth_0327,1449,group_10
aves_aa_4R_auth_0600,1449,group_11
aves_aa_4R_auth_0601,1449,group_12
aves_aa_4R_auth_0500,1449,group_13
aves_aa_4R_auth_0602,1449,group_14
aves_aa_4R_auth_0603,1449,group_15
aves_aa_4R_auth_0548,1449,group_16
aves_aa_4R_auth_0488,1449,group_17
aves_aa_4R_auth_0604,1449,group_18
aves_aa_4R_auth_0245,1449,group_19
aves_aa_4R_auth_0605,1449,group_20
aves_aa_4R_auth_0575,1449,group_21
aves_aa_4R_auth_0261,1449,group_22
aves_aa_4R_auth_0408,1449,group_23
aves_aa_4R_auth_0606,1449,group_24
aves_aa_4R_auth_0480,1449,group_25
aves_aa_4R_auth_0566,1449,group_26
aves_aa_4R_auth_0495,1449,group_27
aves_aa_4R_auth_0607,1449,group_28
aves_aa_4R_auth_0608,1449,group_29
aves_aa_4R_auth_0568,1449,group_30
aves_aa_4R_auth_0609,1449,group_31
aves_aa_4R_auth_0610,1449,group_32
aves_aa_4R_auth_0522,1450,group_05
aves_aa_4R_auth_0611,1450,group_06
aves_aa_4R_auth_0509,1450,group_07
aves_aa_4R_auth_0545,1450,group_08
aves_aa_4R_auth_0612,1450,group_09
aves_aa_4R_auth_0546,1450,group_10
aves_aa_4R_auth_0554,1450,group_11
aves_aa_4R_auth_0527,1450,group_12
aves_aa_4R_auth_0311,1450,group_13
aves_aa_4R_auth_0364,1450,group_14
aves_aa_4R_auth_0613,1450,group_15
aves_aa_4R_auth_0574,1450,group_16
aves_aa_4R_auth_0314,1450,group_17
aves_aa_4R_auth_0614,1450,group_18
aves_aa_4R_auth_0615,1450,group_19
aves_aa_4R_auth_0616,1450,group_20
aves_aa_4R_auth_0549,1450,group_21
aves_aa_4R_auth_0617,1450,group_22
aves_aa_4R_auth_0618,1450,group_23
aves_aa_4R_auth_0262,1450,group_24
aves_aa_4R_auth_0493,1450,group_25
aves_aa_4R_auth_0531,1450,group_26
aves_aa_4R_auth_0551,1450,group_27
aves_aa_4R_auth_0619,1450,group_28
aves_aa_4R_auth_0553,1450,group_29
aves_aa_4R_auth_0520,1450,group_30
aves_aa_4R_auth_0521,1450,group_31
aves_aa_4R_auth_0425,1450,group_32
aves_aa_4R_auth_0498,1451,group_05
aves_aa_4R_auth_0348,1451,group_06
aves_aa_4R_auth_0620,1451,group_07
aves_aa_4R_auth_0467,1451,group_08
aves_aa_4R_auth_0349,1451,group_09
aves_aa_4R_auth_0571,1451,group_10
aves_aa_4R_auth_0581,1451,group_11
aves_aa_4R_auth_0621,1451,group_12
aves_aa_4R_auth_0622,1451,group_13
aves_aa_4R_auth_0511,1451,group_14
aves_aa_4R_auth_0623,1451,group_15
aves_aa_4R_auth_0528,1451,group_16
aves_aa_4R_auth_0624,1451,group_17
aves_aa_4R_auth_0604,1451,group_18
aves_aa_4R_auth_0625,1451,group_19
aves_aa_4R_auth_0626,1451,group_20
aves_aa_4R_auth_0627,1451,group_21
aves_aa_4R_auth_0628,1451,group_22
aves_aa_4R_auth_0479,1451,group_23
aves_aa_4R_auth_0606,1451,group_24
aves_aa_4R_auth_0629,1451,group_25
aves_aa_4R_auth_0505,1451,group_26
aves_aa_4R_auth_0506,1451,group_27
aves_aa_4R_auth_0630,1451,group_28
aves_aa_4R_auth_0590,1451,group_29
aves_aa_4R_auth_0568,1451,group_30
aves_aa_4R_auth_0598,1451,group_31
aves_aa_4R_auth_0473,1451,group_32
aves_aa_4R_auth_0522,1452,group_05
aves_aa_4R_auth_0631,1452,group_06
aves_aa_4R_auth_0535,1452,group_07
aves_aa_4R_auth_0632,1452,group_08
aves_aa_4R_auth_0525,1452,group_09
aves_aa_4R_auth_0633,1452,group_10
aves_aa_4R_auth_0634,1452,group_11
aves_aa_4R_auth_0536,1452,group_12
aves_aa_4R_auth_0635,1452,group_13
aves_aa_4R_auth_0636,1452,group_14
aves_aa_4R_auth_0352,1452,group_15
aves_aa_4R_auth_0548,1452,group_16
aves_aa_4R_auth_0488,1452,group_17
aves_aa_4R_auth_0614,1452,group_18
aves_aa_4R_auth_0637,1452,group_19
aves_aa_4R_auth_0469,1452,group_20
aves_aa_4R_auth_0549,1452,group_21
aves_aa_4R_auth_0596,1452,group_22
aves_aa_4R_auth_0638,1452,group_23
aves_aa_4R_auth_0639,1452,group_24
aves_aa_4R_auth_0640,1452,group_25
aves_aa_4R_auth_0566,1452,group_26
aves_aa_4R_auth_0578,1452,group_27
aves_aa_4R_auth_0481,1452,group_28
aves_aa_4R_auth_0412,1452,group_29
aves_aa_4R_auth_0450,1452,group_30
aves_aa_4R_auth_0521,1452,group_31
aves_aa_4R_auth_0610,1452,group_32
aves_aa_4R_auth_0641,1453,group_05
aves_aa_4R_auth_0570,1453,group_06
aves_aa_4R_auth_0642,1453,group_07
aves_aa_4R_auth_0524,1453,group_08
aves_aa_4R_auth_0349,1453,group_09
aves_aa_4R_auth_0546,1453,group_10
aves_aa_4R_auth_0554,1453,group_11
aves_aa_4R_auth_0527,1453,group_12
aves_aa_4R_auth_0500,1453,group_13
aves_aa_4R_auth_0364,1453,group_14
aves_aa_4R_auth_0360,1453,group_15
aves_aa_4R_auth_0574,1453,group_16
aves_aa_4R_auth_0643,1453,group_17
aves_aa_4R_auth_0644,1453,group_18
aves_aa_4R_auth_0645,1453,group_19
aves_aa_4R_auth_0585,1453,group_20
aves_aa_4R_auth_0502,1453,group_21
aves_aa_4R_auth_0261,1453,group_22
aves_aa_4R_auth_0646,1453,group_23
aves_aa_4R_auth_0647,1453,group_24
aves_aa_4R_auth_0559,1453,group_25
aves_aa_4R_auth_0648,1453,group_26
aves_aa_4R_auth_0649,1453,group_27
aves_aa_4R_auth_0607,1453,group_28
aves_aa_4R_auth_0650,1453,group_29
aves_aa_4R_auth_0651,1453,group_30
aves_aa_4R_auth_0598,1453,group_31
aves_aa_4R_auth_0425,1453,group_32
aves_aa_4R_auth_0652,1454,group_05
aves_aa_4R_auth_0653,1454,group_06
aves_aa_4R_auth_0509,1454,group_07
aves_aa_4R_auth_0654,1454,group_08
aves_aa_4R_auth_0655,1454,group_09
aves_aa_4R_auth_0561,1454,group_10
aves_aa_4R_auth_0581,1454,group_11
aves_aa_4R_auth_0573,1454,group_12
aves_aa_4R_auth_0311,1454,group_13
aves_aa_4R_auth_0656,1454,group_14
aves_aa_4R_auth_0352,1454,group_15
aves_aa_4R_auth_0548,1454,group_16
aves_aa_4R_auth_0488,1454,group_17
aves_aa_4R_auth_0614,1454,group_18
aves_aa_4R_auth_0657,1454,group_19
aves_aa_4R_auth_0595,1454,group_20
aves_aa_4R_auth_0658,1454,group_21
aves_aa_4R_auth_0617,1454,group_22
aves_aa_4R_auth_0659,1454,group_23
aves_aa_4R_auth_0516,1454,group_24
aves_aa_4R_auth_0493,1454,group_25
aves_aa_4R_auth_0505,1454,group_26
aves_aa_4R_auth_0551,1454,group_27
aves_aa_4R_auth_0540,1454,group_28
aves_aa_4R_auth_0660,1454,group_29
aves_aa_4R_auth_0568,1454,group_30
aves_aa_4R_auth_0521,1454,group_31
aves_aa_4R_auth_0473,1454,group_32
aves_aa_4R_auth_0661,1455,group_05
aves_aa_4R_auth_0662,1455,group_06
aves_aa_4R_auth_0663,1455,group_07
aves_aa_4R_auth_0632,1455,group_08
aves_aa_4R_auth_0664,1455,group_09
aves_aa_4R_auth_0571,1455,group_10
aves_aa_4R_auth_0665,1455,group_11
aves_aa_4R_auth_0666,1455,group_12
aves_aa_4R_auth_0500,1455,group_13
aves_aa_4R_auth_0511,1455,group_14
aves_aa_4R_auth_0667,1455,group_15
aves_aa_4R_auth_0574,1455,group_16
aves_aa_4R_auth_0453,1455,group_17
aves_aa_4R_auth_0644,1455,group_18
aves_aa_4R_auth_0668,1455,group_19
aves_aa_4R_auth_0669,1455,group_20
aves_aa_4R_auth_0549,1455,group_21
aves_aa_4R_auth_0670,1455,group_22
aves_aa_4R_auth_0671,1455,group_23
aves_aa_4R_auth_0421,1455,group_24
aves_aa_4R_auth_0672,1455,group_25
aves_aa_4R_auth_0531,1455,group_26
aves_aa_4R_auth_0506,1455,group_27
aves_aa_4R_auth_0518,1455,group_28
aves_aa_4R_auth_0673,1455,group_29
aves_aa_4R_auth_0450,1455,group_30
aves_aa_4R_auth_0598,1455,group_31
aves_aa_4R_auth_0610,1455,group_32
aves_aa_4R_auth_0522,1456,group_05
aves_aa_4R_auth_0570,1456,group_06
aves_aa_4R_auth_0674,1456,group_07
aves_aa_4R_auth_0545,1456,group_08
aves_aa_4R_auth_0675,1456,group_09
aves_aa_4R_auth_0327,1456,group_10
aves_aa_4R_auth_0554,1456,group_11
aves_aa_4R_auth_0621,1456,group_12
aves_aa_4R_auth_0622,1456,group_13
aves_aa_4R_auth_0475,1456,group_14
aves_aa_4R_auth_0613,1456,group_15
aves_aa_4R_auth_0676,1456,group_16
aves_aa_4R_auth_0488,1456,group_17
aves_aa_4R_auth_0614,1456,group_18
aves_aa_4R_auth_0677,1456,group_19
aves_aa_4R_auth_0678,1456,group_20
aves_aa_4R_auth_0627,1456,group_21
aves_aa_4R_auth_0596,1456,group_22
aves_aa_4R_auth_0638,1456,group_23
aves_aa_4R_auth_0679,1456,group_24
aves_aa_4R_auth_0493,1456,group_25
aves_aa_4R_auth_0505,1456,group_26
aves_aa_4R_auth_0680,1456,group_27
aves_aa_4R_auth_0619,1456,group_28
aves_aa_4R_auth_0412,1456,group_29
aves_aa_4R_auth_0651,1456,group_30
aves_aa_4R_auth_0424,1456,group_31
aves_aa_4R_auth_0681,1456,group_32
aves_aa_4R_auth_0682,1457,group_05
aves_aa_4R_auth_0570,1457,group_06
aves_aa_4R_auth_0674,1457,group_07
aves_aa_4R_auth_0545,1457,group_08
aves_aa_4R_auth_0683,1457,group_09
aves_aa_4R_auth_0561,1457,group_10
aves_aa_4R_auth_0600,1457,group_11
aves_aa_4R_auth_0621,1457,group_12
aves_aa_4R_auth_0622,1457,group_13
aves_aa_4R_auth_0684,1457,group_14
aves_aa_4R_auth_0613,1457,group_15
aves_aa_4R_auth_0548,1457,group_16
aves_aa_4R_auth_0643,1457,group_17
aves_aa_4R_auth_0644,1457,group_18
aves_aa_4R_auth_0677,1457,group_19
aves_aa_4R_auth_0585,1457,group_20
aves_aa_4R_auth_0549,1457,group_21
aves_aa_4R_auth_0445,1457,group_22
aves_aa_4R_auth_0685,1457,group_23
aves_aa_4R_auth_0679,1457,group_24
aves_aa_4R_auth_0493,1457,group_25
aves_aa_4R_auth_0686,1457,group_26
aves_aa_4R_auth_0680,1457,group_27
aves_aa_4R_auth_0607,1457,group_28
aves_aa_4R_auth_0412,1457,group_29
aves_aa_4R_auth_0568,1457,group_30
aves_aa_4R_auth_0424,1457,group_31
aves_aa_4R_auth_0687,1457,group_32
aves_aa_4R_auth_0682,1458,group_05
aves_aa_4R_auth_0348,1458,group_06
aves_aa_4R_auth_0509,1458,group_07
aves_aa_4R_auth_0632,1458,group_08
aves_aa_4R_auth_0688,1458,group_09
aves_aa_4R_auth_0561,1458,group_10
aves_aa_4R_auth_0600,1458,group_11
aves_aa_4R_auth_0689,1458,group_12
aves_aa_4R_auth_0555,1458,group_13
aves_aa_4R_auth_0684,1458,group_14
aves_aa_4R_auth_0352,1458,group_15
aves_aa_4R_auth_0548,1458,group_16
aves_aa_4R_auth_0488,1458,group_17
aves_aa_4R_auth_0644,1458,group_18
aves_aa_4R_auth_0690,1458,group_19
aves_aa_4R_auth_0585,1458,group_20
aves_aa_4R_auth_0549,1458,group_21
aves_aa_4R_auth_0261,1458,group_22
aves_aa_4R_auth_0685,1458,group_23
aves_aa_4R_auth_0691,1458,group_24
aves_aa_4R_auth_0692,1458,group_25
aves_aa_4R_auth_0686,1458,group_26
aves_aa_4R_auth_0693,1458,group_27
aves_aa_4R_auth_0607,1458,group_28
aves_aa_4R_auth_0650,1458,group_29
aves_aa_4R_auth_0568,1458,group_30
aves_aa_4R_auth_0694,1458,group_31
aves_aa_4R_auth_0687,1458,group_32
aves_aa_4R_auth_0522,1459,group_05
aves_aa_4R_auth_0348,1459,group_06
aves_aa_4R_auth_0509,1459,group_07
aves_aa_4R_auth_0632,1459,group_08
aves_aa_4R_auth_0688,1459,group_09
aves_aa_4R_auth_0546,1459,group_10
aves_aa_4R_auth_0695,1459,group_11
aves_aa_4R_auth_0689,1459,group_12
aves_aa_4R_auth_0555,1459,group_13
aves_aa_4R_auth_0696,1459,group_14
aves_aa_4R_auth_0352,1459,group_15
aves_aa_4R_auth_0697,1459,group_16
aves_aa_4R_auth_0698,1459,group_17
aves_aa_4R_auth_0699,1459,group_18
aves_aa_4R_auth_0690,1459,group_19
aves_aa_4R_auth_0616,1459,group_20
aves_aa_4R_auth_0502,1459,group_21
aves_aa_4R_auth_0261,1459,group_22
aves_aa_4R_auth_0659,1459,group_23
aves_aa_4R_auth_0691,1459,group_24
aves_aa_4R_auth_0692,1459,group_25
aves_aa_4R_auth_0505,1459,group_26
aves_aa_4R_auth_0693,1459,group_27
aves_aa_4R_auth_0700,1459,group_28
aves_aa_4R_auth_0650,1459,group_29
aves_aa_4R_auth_0701,1459,group_30
aves_aa_4R_auth_0694,1459,group_31
aves_aa_4R_auth_0610,1459,group_32
aves_aa_4R_auth_0702,1460,group_05
aves_aa_4R_auth_0662,1460,group_06
aves_aa_4R_auth_0642,1460,group_07
aves_aa_4R_auth_0703,1460,group_08
aves_aa_4R_auth_0452,1460,group_09
aves_aa_4R_auth_0546,1460,group_10
aves_aa_4R_auth_0695,1460,group_11
aves_aa_4R_auth_0704,1460,group_12
aves_aa_4R_auth_0705,1460,group_13
aves_aa_4R_auth_0696,1460,group_14
aves_aa_4R_auth_0563,1460,group_15
aves_aa_4R_auth_0697,1460,group_16
aves_aa_4R_auth_0698,1460,group_17
aves_aa_4R_auth_0699,1460,group_18
aves_aa_4R_auth_0668,1460,group_19
aves_aa_4R_auth_0616,1460,group_20
aves_aa_4R_auth_0502,1460,group_21
aves_aa_4R_auth_0617,1460,group_22
aves_aa_4R_auth_0659,1460,group_23
aves_aa_4R_auth_0706,1460,group_24
aves_aa_4R_auth_0493,1460,group_25
aves_aa_4R_auth_0505,1460,group_26
aves_aa_4R_auth_0506,1460,group_27
aves_aa_4R_auth_0700,1460,group_28
aves_aa_4R_auth_0660,1460,group_29
aves_aa_4R_auth_0701,1460,group_30
aves_aa_4R_auth_0598,1460,group_31
aves_aa_4R_auth_0610,1460,group_32
aves_aa_4R_auth_0661,1461,group_05
aves_aa_4R_auth_0662,1461,group_06
aves_aa_4R_auth_0642,1461,group_07
aves_aa_4R_auth_0703,1461,group_08
aves_aa_4R_auth_0452,1461,group_09
aves_aa_4R_auth_0707,1461,group_10
aves_aa_4R_auth_0554,1461,group_11
aves_aa_4R_auth_0708,1461,group_12
aves_aa_4R_auth_0705,1461,group_13
aves_aa_4R_auth_0709,1461,group_14
aves_aa_4R_auth_0563,1461,group_15
aves_aa_4R_auth_0548,1461,group_16
aves_aa_4R_auth_0488,1461,group_17
aves_aa_4R_auth_0644,1461,group_18
aves_aa_4R_auth_0668,1461,group_19
aves_aa_4R_auth_0710,1461,group_20
aves_aa_4R_auth_0549,1461,group_21
aves_aa_4R_auth_0617,1461,group_22
aves_aa_4R_auth_0671,1461,group_23
aves_aa_4R_auth_0706,1461,group_24
aves_aa_4R_auth_0493,1461,group_25
aves_aa_4R_auth_0531,1461,group_26
aves_aa_4R_auth_0506,1461,group_27
aves_aa_4R_auth_0711,1461,group_28
aves_aa_4R_auth_0660,1461,group_29
aves_aa_4R_auth_0568,1461,group_30
aves_aa_4R_auth_0598,1461,group_31
aves_aa_4R_auth_0681,1461,group_32
aves_aa_4R_auth_0661,1462,group_05
aves_aa_4R_auth_0348,1462,group_06
aves_aa_4R_auth_0384,1462,group_07
aves_aa_4R_auth_0712,1462,group_08
aves_aa_4R_auth_0713,1462,group_09
aves_aa_4R_auth_0707,1462,group_10
aves_aa_4R_auth_0554,1462,group_11
aves_aa_4R_auth_0573,1462,group_12
aves_aa_4R_auth_0714,1462,group_13
aves_aa_4R_auth_0709,1462,group_14
aves_aa_4R_auth_0715,1462,group_15
aves_aa_4R_auth_0548,1462,group_16
aves_aa_4R_auth_0488,1462,group_17
aves_aa_4R_auth_0644,1462,group_18
aves_aa_4R_auth_0716,1462,group_19
aves_aa_4R_auth_0710,1462,group_20
aves_aa_4R_auth_0549,1462,group_21
aves_aa_4R_auth_0670,1462,group_22
aves_aa_4R_auth_0671,1462,group_23
aves_aa_4R_auth_0647,1462,group_24
aves_aa_4R_auth_0692,1462,group_25
aves_aa_4R_auth_0531,1462,group_26
aves_aa_4R_auth_0551,1462,group_27
aves_aa_4R_auth_0711,1462,group_28
aves_aa_4R_auth_0717,1462,group_29
aves_aa_4R_auth_0568,1462,group_30
aves_aa_4R_auth_0718,1462,group_31
aves_aa_4R_auth_0681,1462,group_32
aves_aa_4R_auth_0522,1463,group_05
aves_aa_4R_auth_0348,1463,group_06
aves_aa_4R_auth_0384,1463,group_07
aves_aa_4R_auth_0712,1463,group_08
aves_aa_4R_auth_0713,1463,group_09
aves_aa_4R_auth_0561,1463,group_10
aves_aa_4R_auth_0720,1463,group_11
aves_aa_4R_auth_0573,1463,group_12
aves_aa_4R_auth_0714,1463,group_13
aves_aa_4R_auth_0636,1463,group_14
aves_aa_4R_auth_0715,1463,group_15
aves_aa_4R_auth_0676,1463,group_16
aves_aa_4R_auth_0721,1463,group_17
aves_aa_4R_auth_0722,1463,group_18
aves_aa_4R_auth_0716,1463,group_19
aves_aa_4R_auth_0723,1463,group_20
aves_aa_4R_auth_0627,1463,group_21
aves_aa_4R_auth_0670,1463,group_22
aves_aa_4R_auth_0638,1463,group_23
aves_aa_4R_auth_0647,1463,group_24
aves_aa_4R_auth_0692,1463,group_25
aves_aa_4R_auth_0648,1463,group_26
aves_aa_4R_auth_0551,1463,group_27
aves_aa_4R_auth_0518,1463,group_28
aves_aa_4R_auth_0717,1463,group_29
aves_aa_4R_auth_0724,1463,group_32
aves_aa_4R_auth_0522,1464,group_05
aves_aa_4R_auth_0570,1464,group_06
aves_aa_4R_auth_0509,1464,group_07
aves_aa_4R_auth_0725,1464,group_08
aves_aa_4R_auth_0664,1464,group_09
aves_aa_4R_auth_0561,1464,group_10
aves_aa_4R_auth_0720,1464,group_11
aves_aa_4R_auth_0621,1464,group_12
aves_aa_4R_auth_0726,1464,group_13
aves_aa_4R_auth_0636,1464,group_14
aves_aa_4R_auth_0360,1464,group_15
aves_aa_4R_auth_0676,1464,group_16
aves_aa_4R_auth_0721,1464,group_17
aves_aa_4R_auth_0722,1464,group_18
aves_aa_4R_auth_0727,1464,group_19
aves_aa_4R_auth_0723,1464,group_20
aves_aa_4R_auth_0627,1464,group_21
aves_aa_4R_auth_0728,1464,group_22
aves_aa_4R_auth_0638,1464,group_23
aves_aa_4R_auth_0729,1464,group_24
aves_aa_4R_auth_0730,1464,group_25
aves_aa_4R_auth_0648,1464,group_26
aves_aa_4R_auth_0731,1464,group_27
aves_aa_4R_auth_0518,1464,group_28
aves_aa_4R_auth_0519,1464,group_29
aves_aa_4R_auth_0724,1464,group_32
aves_aa_4R_auth_0655,1465,group_05
aves_aa_4R_auth_0570,1465,group_06
aves_aa_4R_auth_0509,1465,group_07
aves_aa_4R_auth_0725,1465,group_08
aves_aa_4R_auth_0664,1465,group_09
aves_aa_4R_auth_0571,1465,group_10
aves_aa_4R_auth_0732,1465,group_11
aves_aa_4R_auth_0621,1465,group_12
aves_aa_4R_auth_0726,1465,group_13
aves_aa_4R_auth_0733,1465,group_14
aves_aa_4R_auth_0360,1465,group_15
aves_aa_4R_auth_0734,1465,group_16
aves_aa_4R_auth_0735,1465,group_17
aves_aa_4R_auth_0644,1465,group_18
aves_aa_4R_auth_0727,1465,group_19
aves_aa_4R_auth_0585,1465,group_20
aves_aa_4R_auth_0736,1465,group_21
aves_aa_4R_auth_0728,1465,group_22
aves_aa_4R_auth_0737,1465,group_23
aves_aa_4R_auth_0729,1465,group_24
aves_aa_4R_auth_0730,1465,group_25
aves_aa_4R_auth_0738,1465,group_26
aves_aa_4R_auth_0731,1465,group_27
aves_aa_4R_auth_0619,1465,group_28
aves_aa_4R_auth_0519,1465,group_29
aves_aa_4R_auth_0739,1465,group_32
aves_aa_4R_auth_0655,1466,group_05
aves_aa_4R_auth_0348,1466,group_06
aves_aa_4R_auth_0740,1466,group_07
aves_aa_4R_auth_0719,1466,group_08
aves_aa_4R_auth_0713,1466,group_09
aves_aa_4R_auth_0571,1466,group_10
aves_aa_4R_auth_0732,1466,group_11
aves_aa_4R_auth_0601,1466,group_12
aves_aa_4R_auth_0741,1466,group_13
aves_aa_4R_auth_0733,1466,group_14
aves_aa_4R_auth_0715,1466,group_15
aves_aa_4R_auth_0734,1466,group_16
aves_aa_4R_auth_0735,1466,group_17
aves_aa_4R_auth_0644,1466,group_18
aves_aa_4R_auth_0742,1466,group_19
aves_aa_4R_auth_0585,1466,group_20
aves_aa_4R_auth_0736,1466,group_21
aves_aa_4R_auth_0261,1466,group_22
aves_aa_4R_auth_0737,1466,group_23
aves_aa_4R_auth_0743,1466,group_24
aves_aa_4R_auth_0493,1466,group_25
aves_aa_4R_auth_0744,1466,group_26
aves_aa_4R_auth_0745,1466,group_27
aves_aa_4R_auth_0619,1466,group_28
aves_aa_4R_auth_0746,1466,group_29
aves_aa_4R_auth_0739,1466,group_32
aves_aa_4R_auth_0702,1467,group_05
aves_aa_4R_auth_0747,1467,group_06
aves_aa_4R_auth_0740,1467,group_07
aves_aa_4R_auth_0719,1467,group_08
aves_aa_4R_auth_0748,1467,group_09
aves_aa_4R_auth_0561,1467,group_10
aves_aa_4R_auth_0749,1467,group_11
aves_aa_4R_auth_0601,1467,group_12
aves_aa_4R_auth_0622,1467,group_13
aves_aa_4R_auth_0696,1467,group_14
aves_aa_4R_auth_0750,1467,group_15
aves_aa_4R_auth_0676,1467,group_16
aves_aa_4R_auth_0698,1467,group_17
aves_aa_4R_auth_0751,1467,group_18
aves_aa_4R_auth_0727,1467,group_19
aves_aa_4R_auth_0710,1467,group_20
aves_aa_4R_auth_0752,1467,group_21
aves_aa_4R_auth_0261,1467,group_22
aves_aa_4R_auth_0753,1467,group_23
aves_aa_4R_auth_0743,1467,group_24
aves_aa_4R_auth_0493,1467,group_25
aves_aa_4R_auth_0531,1467,group_26
aves_aa_4R_auth_0745,1467,group_27
aves_aa_4R_auth_0518,1467,group_28
aves_aa_4R_auth_0746,1467,group_29
aves_aa_4R_auth_0681,1467,group_32
aves_aa_4R_auth_0702,1468,group_05
aves_aa_4R_auth_0662,1468,group_06
aves_aa_4R_auth_0755,1468,group_07
aves_aa_4R_auth_0725,1468,group_08
aves_aa_4R_auth_0664,1468,group_09
aves_aa_4R_auth_0561,1468,group_10
aves_aa_4R_auth_0749,1468,group_11
aves_aa_4R_auth_0573,1468,group_12
aves_aa_4R_auth_0756,1468,group_13
aves_aa_4R_auth_0696,1468,group_14
aves_aa_4R_auth_0757,1468,group_15
aves_aa_4R_auth_0676,1468,group_16
aves_aa_4R_auth_0698,1468,group_17
aves_aa_4R_auth_0751,1468,group_18
aves_aa_4R_auth_0758,1468,group_19
aves_aa_4R_auth_0710,1468,group_20
aves_aa_4R_auth_0752,1468,group_21
aves_aa_4R_auth_0759,1468,group_22
aves_aa_4R_auth_0753,1468,group_23
aves_aa_4R_auth_0760,1468,group_24
aves_aa_4R_auth_0761,1468,group_25
aves_aa_4R_auth_0531,1468,group_26
aves_aa_4R_auth_0762,1468,group_27
aves_aa_4R_auth_0518,1468,group_28
aves_aa_4R_auth_0660,1468,group_29
aves_aa_4R_auth_0681,1468,group_32
aves_aa_4R_auth_0591,1469,group_05
aves_aa_4R_auth_0662,1469,group_06
aves_aa_4R_auth_0755,1469,group_07
aves_aa_4R_auth_0725,1469,group_08
aves_aa_4R_auth_0664,1469,group_09
aves_aa_4R_auth_0633,1469,group_10
aves_aa_4R_auth_0554,1469,group_11
aves_aa_4R_auth_0573,1469,group_12
aves_aa_4R_auth_0756,1469,group_13
aves_aa_4R_auth_0709,1469,group_14
aves_aa_4R_auth_0757,1469,group_15
aves_aa_4R_auth_0763,1469,group_16
aves_aa_4R_auth_0721,1469,group_17
aves_aa_4R_auth_0644,1469,group_18
aves_aa_4R_auth_0758,1469,group_19
aves_aa_4R_auth_0764,1469,group_20
aves_aa_4R_auth_0765,1469,group_21
aves_aa_4R_auth_0759,1469,group_22
aves_aa_4R_auth_0766,1469,group_23
aves_aa_4R_auth_0760,1469,group_24
aves_aa_4R_auth_0761,1469,group_25
aves_aa_4R_auth_0648,1469,group_26
aves_aa_4R_auth_0762,1469,group_27
aves_aa_4R_auth_0619,1469,group_28
aves_aa_4R_auth_0660,1469,group_29
aves_aa_4R_auth_0767,1469,group_32
aves_aa_4R_auth_0591,1470,group_05
aves_aa_4R_auth_0768,1470,group_06
aves_aa_4R_auth_0769,1470,group_07
aves_aa_4R_auth_0770,1470,group_08
aves_aa_4R_auth_0771,1470,group_09
aves_aa_4R_auth_0633,1470,group_10
aves_aa_4R_auth_0554,1470,group_11
aves_aa_4R_auth_0621,1470,group_12
aves_aa_4R_auth_0622,1470,group_13
aves_aa_4R_auth_0709,1470,group_14
aves_aa_4R_auth_0754,1470,group_15
aves_aa_4R_auth_0763,1470,group_16
aves_aa_4R_auth_0721,1470,group_17
aves_aa_4R_auth_0644,1470,group_18
aves_aa_4R_auth_0727,1470,group_19
aves_aa_4R_auth_0764,1470,group_20
aves_aa_4R_auth_0765,1470,group_21
aves_aa_4R_auth_0670,1470,group_22
aves_aa_4R_auth_0766,1470,group_23
aves_aa_4R_auth_0772,1470,group_24
aves_aa_4R_auth_0773,1470,group_25
aves_aa_4R_auth_0648,1470,group_26
aves_aa_4R_auth_0731,1470,group_27
aves_aa_4R_auth_0619,1470,group_28
aves_aa_4R_auth_0774,1470,group_29
aves_aa_4R_auth_0767,1470,group_32
aves_aa_4R_auth_0754,1471,group_15
aves_aa_4R_auth_0775,1471,group_05
aves_aa_4R_auth_0769,1471,group_07
aves_aa_4R_auth_0720,1471,group_11
aves_aa_4R_auth_0771,1471,group_09
aves_aa_4R_auth_0470,1471,group_21
aves_aa_4R_auth_0773,1471,group_25
aves_aa_4R_auth_0585,1471,group_20
aves_aa_4R_auth_0768,1471,group_06
aves_aa_4R_auth_0734,1471,group_16
aves_aa_4R_auth_0770,1471,group_08
aves_aa_4R_auth_0571,1471,group_10
aves_aa_4R_auth_0731,1471,group_27
aves_aa_4R_auth_0776,1471,group_14
aves_aa_4R_auth_0777,1471,group_13
aves_aa_4R_auth_0772,1471,group_24
aves_aa_4R_auth_0727,1471,group_19
aves_aa_4R_auth_0778,1471,group_23
aves_aa_4R_auth_0779,1471,group_28
aves_aa_4R_auth_0670,1471,group_22
aves_aa_4R_auth_0531,1471,group_26
aves_aa_4R_auth_0774,1471,group_29
aves_aa_4R_auth_0598,1471,group_17
aves_aa_4R_auth_0621,1471,group_12
aves_aa_4R_auth_0780,1472,group_15
aves_aa_4R_auth_0775,1472,group_05
aves_aa_4R_auth_0755,1472,group_07
aves_aa_4R_auth_0720,1472,group_11
aves_aa_4R_auth_0664,1472,group_09
aves_aa_4R_auth_0470,1472,group_21
aves_aa_4R_auth_0781,1472,group_25
aves_aa_4R_auth_0585,1472,group_20
aves_aa_4R_auth_0662,1472,group_06
aves_aa_4R_auth_0734,1472,group_16
aves_aa_4R_auth_0719,1472,group_08
aves_aa_4R_auth_0571,1472,group_10
aves_aa_4R_auth_0782,1472,group_27
aves_aa_4R_auth_0776,1472,group_14
aves_aa_4R_auth_0783,1472,group_13
aves_aa_4R_auth_0706,1472,group_24
aves_aa_4R_auth_0784,1472,group_19
aves_aa_4R_auth_0638,1472,group_23
aves_aa_4R_auth_0518,1472,group_28
aves_aa_4R_auth_0261,1472,group_22
aves_aa_4R_auth_0686,1472,group_26
aves_aa_4R_auth_0660,1472,group_29
aves_aa_4R_auth_0785,1472,group_17
aves_aa_4R_auth_0786,1472,group_12
aves_aa_4R_auth_0780,1473,group_15
aves_aa_4R_auth_0787,1473,group_05
aves_aa_4R_auth_0755,1473,group_07
aves_aa_4R_auth_0749,1473,group_11
aves_aa_4R_auth_0664,1473,group_09
aves_aa_4R_auth_0736,1473,group_21
aves_aa_4R_auth_0730,1473,group_25
aves_aa_4R_auth_0710,1473,group_20
aves_aa_4R_auth_0662,1473,group_06
aves_aa_4R_auth_0676,1473,group_16
aves_aa_4R_auth_0719,1473,group_08
aves_aa_4R_auth_0788,1473,group_10
aves_aa_4R_auth_0782,1473,group_27
aves_aa_4R_auth_0789,1473,group_14
aves_aa_4R_auth_0783,1473,group_13
aves_aa_4R_auth_0706,1473,group_24
aves_aa_4R_auth_0784,1473,group_19
aves_aa_4R_auth_0737,1473,group_23
aves_aa_4R_auth_0711,1473,group_28
aves_aa_4R_auth_0261,1473,group_22
aves_aa_4R_auth_0744,1473,group_26
aves_aa_4R_auth_0660,1473,group_29
aves_aa_4R_auth_0790,1473,group_17
aves_aa_4R_auth_0786,1473,group_12
aves_aa_4R_auth_0757,1474,group_15
aves_aa_4R_auth_0787,1474,group_05
aves_aa_4R_auth_0769,1474,group_07
aves_aa_4R_auth_0749,1474,group_11
aves_aa_4R_auth_0791,1474,group_09
aves_aa_4R_auth_0736,1474,group_21
aves_aa_4R_auth_0773,1474,group_25
aves_aa_4R_auth_0710,1474,group_20
aves_aa_4R_auth_0768,1474,group_06
aves_aa_4R_auth_0792,1474,group_16
aves_aa_4R_auth_0770,1474,group_08
aves_aa_4R_auth_0788,1474,group_10
aves_aa_4R_auth_0793,1474,group_27
aves_aa_4R_auth_0794,1474,group_14
aves_aa_4R_auth_0777,1474,group_13
aves_aa_4R_auth_0772,1474,group_24
aves_aa_4R_auth_0795,1474,group_19
aves_aa_4R_auth_0737,1474,group_23
aves_aa_4R_auth_0711,1474,group_28
aves_aa_4R_auth_0796,1474,group_22
aves_aa_4R_auth_0738,1474,group_26
aves_aa_4R_auth_0519,1474,group_29
aves_aa_4R_auth_0790,1474,group_17
aves_aa_4R_auth_0797,1474,group_12
aves_aa_4R_auth_0757,1475,group_15
aves_aa_4R_auth_0591,1475,group_05
aves_aa_4R_auth_0769,1475,group_07
aves_aa_4R_auth_0554,1475,group_11
aves_aa_4R_auth_0791,1475,group_09
aves_aa_4R_auth_0765,1475,group_21
aves_aa_4R_auth_0773,1475,group_25
aves_aa_4R_auth_0798,1475,group_20
aves_aa_4R_auth_0768,1475,group_06
aves_aa_4R_auth_0734,1475,group_16
aves_aa_4R_auth_0770,1475,group_08
aves_aa_4R_auth_0799,1475,group_10
aves_aa_4R_auth_0800,1475,group_27
aves_aa_4R_auth_0801,1475,group_14
aves_aa_4R_auth_0756,1475,group_13
aves_aa_4R_auth_0772,1475,group_24
aves_aa_4R_auth_0795,1475,group_19
aves_aa_4R_auth_0802,1475,group_23
aves_aa_4R_auth_0518,1475,group_28
aves_aa_4R_auth_0796,1475,group_22
aves_aa_4R_auth_0648,1475,group_26
aves_aa_4R_auth_0519,1475,group_29
aves_aa_4R_auth_0735,1475,group_17
aves_aa_4R_auth_0797,1475,group_12
aves_aa_4R_auth_0754,1476,group_15
aves_aa_4R_auth_0591,1476,group_05
aves_aa_4R_auth_0755,1476,group_07
aves_aa_4R_auth_0554,1476,group_11
aves_aa_4R_auth_0771,1476,group_09
aves_aa_4R_auth_0765,1476,group_21
aves_aa_4R_auth_0730,1476,group_25
aves_aa_4R_auth_0798,1476,group_20
aves_aa_4R_auth_0662,1476,group_06
aves_aa_4R_auth_0734,1476,group_16
aves_aa_4R_auth_0725,1476,group_08
aves_aa_4R_auth_0799,1476,group_10
aves_aa_4R_auth_0762,1476,group_27
aves_aa_4R_auth_0801,1476,group_14
aves_aa_4R_auth_0783,1476,group_13
aves_aa_4R_auth_0803,1476,group_24
aves_aa_4R_auth_0727,1476,group_19
aves_aa_4R_auth_0802,1476,group_23
aves_aa_4R_auth_0518,1476,group_28
aves_aa_4R_auth_0804,1476,group_22
aves_aa_4R_auth_0648,1476,group_26
aves_aa_4R_auth_0774,1476,group_29
aves_aa_4R_auth_0735,1476,group_17
aves_aa_4R_auth_0805,1476,group_12
aves_aa_4R_auth_0754,1477,group_15
aves_aa_4R_auth_0806,1477,group_05
aves_aa_4R_auth_0755,1477,group_07
aves_aa_4R_auth_0695,1477,group_11
aves_aa_4R_auth_0771,1477,group_09
aves_aa_4R_auth_0807,1477,group_21
aves_aa_4R_auth_0730,1477,group_25
aves_aa_4R_auth_0764,1477,group_20
aves_aa_4R_auth_0662,1477,group_06
aves_aa_4R_auth_0808,1477,group_16
aves_aa_4R_auth_0725,1477,group_08
aves_aa_4R_auth_0809,1477,group_10
aves_aa_4R_auth_0762,1477,group_27
aves_aa_4R_auth_0709,1477,group_14
aves_aa_4R_auth_0783,1477,group_13
aves_aa_4R_auth_0803,1477,group_24
aves_aa_4R_auth_0727,1477,group_19
aves_aa_4R_auth_0810,1477,group_23
aves_aa_4R_auth_0811,1477,group_28
aves_aa_4R_auth_0804,1477,group_22
aves_aa_4R_auth_0686,1477,group_26
aves_aa_4R_auth_0774,1477,group_29
aves_aa_4R_auth_0812,1477,group_17
aves_aa_4R_auth_0805,1477,group_12
aves_aa_4R_auth_0583,1478,group_15
aves_aa_4R_auth_0806,1478,group_05
aves_aa_4R_auth_0769,1478,group_07
aves_aa_4R_auth_0695,1478,group_11
aves_aa_4R_auth_0813,1478,group_09
aves_aa_4R_auth_0807,1478,group_21
aves_aa_4R_auth_0773,1478,group_25
aves_aa_4R_auth_0814,1478,group_20
aves_aa_4R_auth_0768,1478,group_06
aves_aa_4R_auth_0808,1478,group_16
aves_aa_4R_auth_0719,1478,group_08
aves_aa_4R_auth_0809,1478,group_10
aves_aa_4R_auth_0731,1478,group_27
aves_aa_4R_auth_0709,1478,group_14
aves_aa_4R_auth_0815,1478,group_13
aves_aa_4R_auth_0816,1478,group_24
aves_aa_4R_auth_0817,1478,group_19
aves_aa_4R_auth_0810,1478,group_23
aves_aa_4R_auth_0811,1478,group_28
aves_aa_4R_auth_0670,1478,group_22
aves_aa_4R_auth_0686,1478,group_26
aves_aa_4R_auth_0818,1478,group_29
aves_aa_4R_auth_0812,1478,group_17
aves_aa_4R_auth_0819,1478,group_12
aves_aa_4R_auth_0583,1479,group_15
aves_aa_4R_auth_0820,1479,group_05
aves_aa_4R_auth_0769,1479,group_07
aves_aa_4R_auth_0720,1479,group_11
aves_aa_4R_auth_0821,1479,group_09
aves_aa_4R_auth_0736,1479,group_21
aves_aa_4R_auth_0773,1479,group_25
aves_aa_4R_auth_0822,1479,group_20
aves_aa_4R_auth_0768,1479,group_06
aves_aa_4R_auth_0792,1479,group_16
aves_aa_4R_auth_0719,1479,group_08
aves_aa_4R_auth_0571,1479,group_10
aves_aa_4R_auth_0731,1479,group_27
aves_aa_4R_auth_0823,1479,group_14
aves_aa_4R_auth_0824,1479,group_13
aves_aa_4R_auth_0816,1479,group_24
aves_aa_4R_auth_0825,1479,group_19
aves_aa_4R_auth_0826,1479,group_23
aves_aa_4R_auth_0552,1479,group_28
aves_aa_4R_auth_0827,1479,group_22
aves_aa_4R_auth_0828,1479,group_26
aves_aa_4R_auth_0818,1479,group_29
aves_aa_4R_auth_0829,1479,group_17
aves_aa_4R_auth_0819,1479,group_12
aves_aa_4R_auth_0780,1480,group_15
aves_aa_4R_auth_0820,1480,group_05
aves_aa_4R_auth_0755,1480,group_07
aves_aa_4R_auth_0720,1480,group_11
aves_aa_4R_auth_0821,1480,group_09
aves_aa_4R_auth_0736,1480,group_21
aves_aa_4R_auth_0730,1480,group_25
aves_aa_4R_auth_0822,1480,group_20
aves_aa_4R_auth_0830,1480,group_06
aves_aa_4R_auth_0792,1480,group_16
aves_aa_4R_auth_0831,1480,group_08
aves_aa_4R_auth_0571,1480,group_10
aves_aa_4R_auth_0832,1480,group_27
aves_aa_4R_auth_0823,1480,group_14
aves_aa_4R_auth_0783,1480,group_13
aves_aa_4R_auth_0772,1480,group_24
aves_aa_4R_auth_0795,1480,group_19
aves_aa_4R_auth_0826,1480,group_23
aves_aa_4R_auth_0552,1480,group_28
aves_aa_4R_auth_0759,1480,group_22
aves_aa_4R_auth_0828,1480,group_26
aves_aa_4R_auth_0833,1480,group_29
aves_aa_4R_auth_0829,1480,group_17
aves_aa_4R_auth_0834,1480,group_12
aves_aa_4R_auth_0780,1481,group_15
aves_aa_4R_auth_0591,1481,group_05
aves_aa_4R_auth_0769,1481,group_07
aves_aa_4R_auth_0732,1481,group_11
aves_aa_4R_auth_0813,1481,group_09
aves_aa_4R_auth_0765,1481,group_21
aves_aa_4R_auth_0692,1481,group_25
aves_aa_4R_auth_0835,1481,group_20
aves_aa_4R_auth_0830,1481,group_06
aves_aa_4R_auth_0734,1481,group_16
aves_aa_4R_auth_0831,1481,group_08
aves_aa_4R_auth_0571,1481,group_10
aves_aa_4R_auth_0832,1481,group_27
aves_aa_4R_auth_0801,1481,group_14
aves_aa_4R_auth_0783,1481,group_13
aves_aa_4R_auth_0772,1481,group_24
aves_aa_4R_auth_0795,1481,group_19
aves_aa_4R_auth_0836,1481,group_23
aves_aa_4R_auth_0837,1481,group_28
aves_aa_4R_auth_0759,1481,group_22
aves_aa_4R_auth_0838,1481,group_26
aves_aa_4R_auth_0833,1481,group_29
aves_aa_4R_auth_0698,1481,group_17
aves_aa_4R_auth_0834,1481,group_12
aves_aa_4R_auth_0839,1482,group_15
aves_aa_4R_auth_0591,1482,group_05
aves_aa_4R_auth_0755,1482,group_07
aves_aa_4R_auth_0732,1482,group_11
aves_aa_4R_auth_0813,1482,group_09
aves_aa_4R_auth_0765,1482,group_21
aves_aa_4R_auth_0781,1482,group_25
aves_aa_4R_auth_0835,1482,group_20
aves_aa_4R_auth_0768,1482,group_06
aves_aa_4R_auth_0734,1482,group_16
aves_aa_4R_auth_0725,1482,group_08
aves_aa_4R_auth_0571,1482,group_10
aves_aa_4R_auth_0731,1482,group_27
aves_aa_4R_auth_0801,1482,group_14
aves_aa_4R_auth_0840,1482,group_13
aves_aa_4R_auth_0841,1482,group_24
aves_aa_4R_auth_0842,1482,group_19
aves_aa_4R_auth_0836,1482,group_23
aves_aa_4R_auth_0837,1482,group_28
aves_aa_4R_auth_0843,1482,group_22
aves_aa_4R_auth_0838,1482,group_26
aves_aa_4R_auth_0774,1482,group_29
aves_aa_4R_auth_0698,1482,group_17
aves_aa_4R_auth_0704,1482,group_12
aves_aa_4R_auth_0839,1483,group_15
aves_aa_4R_auth_0820,1483,group_05
aves_aa_4R_auth_0755,1483,group_07
aves_aa_4R_auth_0844,1483,group_11
aves_aa_4R_auth_0845,1483,group_09
aves_aa_4R_auth_0807,1483,group_21
aves_aa_4R_auth_0781,1483,group_25
aves_aa_4R_auth_0846,1483,group_20
aves_aa_4R_auth_0768,1483,group_06
aves_aa_4R_auth_0808,1483,group_16
aves_aa_4R_auth_0725,1483,group_08
aves_aa_4R_auth_0847,1483,group_10
aves_aa_4R_auth_0731,1483,group_27
aves_aa_4R_auth_0848,1483,group_14
aves_aa_4R_auth_0840,1483,group_13
aves_aa_4R_auth_0842,1483,group_19
aves_aa_4R_auth_0849,1483,group_23
aves_aa_4R_auth_0811,1483,group_28
aves_aa_4R_auth_0843,1483,group_22
aves_aa_4R_auth_0704,1483,group_12
aves_aa_4R_auth_0850,1484,group_15
aves_aa_4R_auth_0820,1484,group_05
aves_aa_4R_auth_0851,1484,group_07
aves_aa_4R_auth_0852,1484,group_11
aves_aa_4R_auth_0845,1484,group_09
aves_aa_4R_auth_0807,1484,group_21
aves_aa_4R_auth_0853,1484,group_25
aves_aa_4R_auth_0846,1484,group_20
aves_aa_4R_auth_0830,1484,group_06
aves_aa_4R_auth_0808,1484,group_16
aves_aa_4R_auth_0719,1484,group_08
aves_aa_4R_auth_0847,1484,group_10
aves_aa_4R_auth_0854,1484,group_27
aves_aa_4R_auth_0848,1484,group_14
aves_aa_4R_auth_0855,1484,group_13
aves_aa_4R_auth_0727,1484,group_19
aves_aa_4R_auth_0849,1484,group_23
aves_aa_4R_auth_0811,1484,group_28
aves_aa_4R_auth_0804,1484,group_22
aves_aa_4R_auth_0856,1484,group_12
aves_aa_4R_auth_0850,1485,group_15
aves_aa_4R_auth_0787,1485,group_05
aves_aa_4R_auth_0851,1485,group_07
aves_aa_4R_auth_0857,1485,group_11
aves_aa_4R_auth_0858,1485,group_09
aves_aa_4R_auth_0736,1485,group_21
aves_aa_4R_auth_0853,1485,group_25
aves_aa_4R_auth_0835,1485,group_20
aves_aa_4R_auth_0830,1485,group_06
aves_aa_4R_auth_0859,1485,group_16
aves_aa_4R_auth_0719,1485,group_08
aves_aa_4R_auth_0571,1485,group_10
aves_aa_4R_auth_0854,1485,group_27
aves_aa_4R_auth_0860,1485,group_14
aves_aa_4R_auth_0855,1485,group_13
aves_aa_4R_auth_0727,1485,group_19
aves_aa_4R_auth_0826,1485,group_23
aves_aa_4R_auth_0552,1485,group_28
aves_aa_4R_auth_0804,1485,group_22
aves_aa_4R_auth_0856,1485,group_12
aves_aa_4R_auth_0861,1486,group_15
aves_aa_4R_auth_0787,1486,group_05
aves_aa_4R_auth_0862,1486,group_07
aves_aa_4R_auth_0857,1486,group_11
aves_aa_4R_auth_0858,1486,group_09
aves_aa_4R_auth_0736,1486,group_21
aves_aa_4R_auth_0773,1486,group_25
aves_aa_4R_auth_0835,1486,group_20
aves_aa_4R_auth_0747,1486,group_06
aves_aa_4R_auth_0859,1486,group_16
aves_aa_4R_auth_0863,1486,group_08
aves_aa_4R_auth_0571,1486,group_10
aves_aa_4R_auth_0864,1486,group_27
aves_aa_4R_auth_0860,1486,group_14
aves_aa_4R_auth_0865,1486,group_13
aves_aa_4R_auth_0825,1486,group_19
aves_aa_4R_auth_0826,1486,group_23
aves_aa_4R_auth_0552,1486,group_28
aves_aa_4R_auth_0827,1486,group_22
aves_aa_4R_auth_0866,1486,group_12
aves_aa_4R_auth_0861,1487,group_15
aves_aa_4R_auth_0820,1487,group_05
aves_aa_4R_auth_0862,1487,group_07
aves_aa_4R_auth_0720,1487,group_11
aves_aa_4R_auth_0845,1487,group_09
aves_aa_4R_auth_0867,1487,group_21
aves_aa_4R_auth_0773,1487,group_25
aves_aa_4R_auth_0868,1487,group_20
aves_aa_4R_auth_0747,1487,group_06
aves_aa_4R_auth_0869,1487,group_16
aves_aa_4R_auth_0863,1487,group_08
aves_aa_4R_auth_0809,1487,group_10
aves_aa_4R_auth_0864,1487,group_27
aves_aa_4R_auth_0801,1487,group_14
aves_aa_4R_auth_0865,1487,group_13
aves_aa_4R_auth_0825,1487,group_19
aves_aa_4R_auth_0870,1487,group_23
aves_aa_4R_auth_0837,1487,group_28
aves_aa_4R_auth_0827,1487,group_22
aves_aa_4R_auth_0866,1487,group_12
aves_aa_4R_auth_0839,1488,group_15
aves_aa_4R_auth_0820,1488,group_05
aves_aa_4R_auth_0755,1488,group_07
aves_aa_4R_auth_0720,1488,group_11
aves_aa_4R_auth_0845,1488,group_09
aves_aa_4R_auth_0867,1488,group_21
aves_aa_4R_auth_0853,1488,group_25
aves_aa_4R_auth_0868,1488,group_20
aves_aa_4R_auth_0830,1488,group_06
aves_aa_4R_auth_0869,1488,group_16
aves_aa_4R_auth_0871,1488,group_08
aves_aa_4R_auth_0809,1488,group_10
aves_aa_4R_auth_0800,1488,group_27
aves_aa_4R_auth_0872,1488,group_14
aves_aa_4R_auth_0840,1488,group_13
aves_aa_4R_auth_0795,1488,group_19
aves_aa_4R_auth_0870,1488,group_23
aves_aa_4R_auth_0837,1488,group_28
aves_aa_4R_auth_0843,1488,group_22
aves_aa_4R_auth_0873,1488,group_12
aves_aa_4R_auth_0839,1489,group_15
aves_aa_4R_auth_0874,1489,group_05
aves_aa_4R_auth_0755,1489,group_07
aves_aa_4R_auth_0554,1489,group_11
aves_aa_4R_auth_0875,1489,group_09
aves_aa_4R_auth_0876,1489,group_21
aves_aa_4R_auth_0853,1489,group_25
aves_aa_4R_auth_0814,1489,group_20
aves_aa_4R_auth_0830,1489,group_06
aves_aa_4R_auth_0877,1489,group_16
aves_aa_4R_auth_0871,1489,group_08
aves_aa_4R_auth_0878,1489,group_10
aves_aa_4R_auth_0800,1489,group_27
aves_aa_4R_auth_0879,1489,group_14
aves_aa_4R_auth_0840,1489,group_13
aves_aa_4R_auth_0795,1489,group_19
aves_aa_4R_auth_0849,1489,group_23
aves_aa_4R_auth_0880,1489,group_28
aves_aa_4R_auth_0843,1489,group_22
aves_aa_4R_auth_0881,1489,group_12
aves_aa_4R_auth_0780,1490,group_15
aves_aa_4R_auth_0874,1490,group_05
aves_aa_4R_auth_0769,1490,group_07
aves_aa_4R_auth_0882,1490,group_11
aves_aa_4R_auth_0875,1490,group_09
aves_aa_4R_auth_0876,1490,group_21
aves_aa_4R_auth_0883,1490,group_25
aves_aa_4R_auth_0814,1490,group_20
aves_aa_4R_auth_0768,1490,group_06
aves_aa_4R_auth_0877,1490,group_16
aves_aa_4R_auth_0719,1490,group_08
aves_aa_4R_auth_0878,1490,group_10
aves_aa_4R_auth_0884,1490,group_27
aves_aa_4R_auth_0879,1490,group_14
aves_aa_4R_auth_0815,1490,group_13
aves_aa_4R_auth_0885,1490,group_19
aves_aa_4R_auth_0849,1490,group_23
aves_aa_4R_auth_0880,1490,group_28
aves_aa_4R_auth_0886,1490,group_22
aves_aa_4R_auth_0834,1490,group_12
aves_aa_4R_auth_0780,1491,group_15
aves_aa_4R_auth_0887,1491,group_05
aves_aa_4R_auth_0769,1491,group_07
aves_aa_4R_auth_0852,1491,group_11
aves_aa_4R_auth_0888,1491,group_09
aves_aa_4R_auth_0867,1491,group_21
aves_aa_4R_auth_0883,1491,group_25
aves_aa_4R_auth_0868,1491,group_20
aves_aa_4R_auth_0768,1491,group_06
aves_aa_4R_auth_0808,1491,group_16
aves_aa_4R_auth_0719,1491,group_08
aves_aa_4R_auth_0889,1491,group_10
aves_aa_4R_auth_0890,1491,group_27
aves_aa_4R_auth_0848,1491,group_14
aves_aa_4R_auth_0815,1491,group_13
aves_aa_4R_auth_0885,1491,group_19
aves_aa_4R_auth_0891,1491,group_23
aves_aa_4R_auth_0892,1491,group_28
aves_aa_4R_auth_0886,1491,group_22
aves_aa_4R_auth_0834,1491,group_12
aves_aa_4R_auth_0893,1492,group_15
aves_aa_4R_auth_0887,1492,group_05
aves_aa_4R_auth_0851,1492,group_07
aves_aa_4R_auth_0894,1492,group_11
aves_aa_4R_auth_0888,1492,group_09
aves_aa_4R_auth_0867,1492,group_21
aves_aa_4R_auth_0853,1492,group_25
aves_aa_4R_auth_0868,1492,group_20
aves_aa_4R_auth_0895,1492,group_06
aves_aa_4R_auth_0808,1492,group_16
aves_aa_4R_auth_0896,1492,group_08
aves_aa_4R_auth_0889,1492,group_10
aves_aa_4R_auth_0854,1492,group_27
aves_aa_4R_auth_0848,1492,group_14
aves_aa_4R_auth_0897,1492,group_13
aves_aa_4R_auth_0898,1492,group_19
aves_aa_4R_auth_0891,1492,group_23
aves_aa_4R_auth_0892,1492,group_28
aves_aa_4R_auth_0899,1492,group_22
aves_aa_4R_auth_0900,1492,group_12
aves_aa_4R_auth_0893,1493,group_15
aves_aa_4R_auth_0901,1493,group_05
aves_aa_4R_auth_0851,1493,group_07
aves_aa_4R_auth_0882,1493,group_11
aves_aa_4R_auth_0845,1493,group_09
aves_aa_4R_auth_0876,1493,group_21
aves_aa_4R_auth_0902,1493,group_25
aves_aa_4R_auth_0903,1493,group_20
aves_aa_4R_auth_0895,1493,group_06
aves_aa_4R_auth_0877,1493,group_16
aves_aa_4R_auth_0896,1493,group_08
aves_aa_4R_auth_0571,1493,group_10
aves_aa_4R_auth_0854,1493,group_27
aves_aa_4R_auth_0872,1493,group_14
aves_aa_4R_auth_0897,1493,group_13
aves_aa_4R_auth_0898,1493,group_19
aves_aa_4R_auth_0904,1493,group_23
aves_aa_4R_auth_0905,1493,group_28
aves_aa_4R_auth_0899,1493,group_22
aves_aa_4R_auth_0900,1493,group_12
aves_aa_4R_auth_0861,1494,group_15
aves_aa_4R_auth_0901,1494,group_05
aves_aa_4R_auth_0769,1494,group_07
aves_aa_4R_auth_0882,1494,group_11
aves_aa_4R_auth_0845,1494,group_09
aves_aa_4R_auth_0876,1494,group_21
aves_aa_4R_auth_0883,1494,group_25
aves_aa_4R_auth_0903,1494,group_20
aves_aa_4R_auth_0830,1494,group_06
aves_aa_4R_auth_0877,1494,group_16
aves_aa_4R_auth_0906,1494,group_08
aves_aa_4R_auth_0571,1494,group_10
aves_aa_4R_auth_0907,1494,group_27
aves_aa_4R_auth_0872,1494,group_14
aves_aa_4R_auth_0815,1494,group_13
aves_aa_4R_auth_0908,1494,group_19
aves_aa_4R_auth_0904,1494,group_23
aves_aa_4R_auth_0905,1494,group_28
aves_aa_4R_auth_0909,1494,group_22
aves_aa_4R_auth_0866,1494,group_12
aves_aa_4R_auth_0861,1495,group_15
aves_aa_4R_auth_0910,1495,group_05
aves_aa_4R_auth_0769,1495,group_07
aves_aa_4R_auth_0911,1495,group_11
aves_aa_4R_auth_0912,1495,group_09
aves_aa_4R_auth_0867,1495,group_21
aves_aa_4R_auth_0883,1495,group_25
aves_aa_4R_auth_0868,1495,group_20
aves_aa_4R_auth_0830,1495,group_06
aves_aa_4R_auth_0913,1495,group_16
aves_aa_4R_auth_0906,1495,group_08
aves_aa_4R_auth_0847,1495,group_10
aves_aa_4R_auth_0907,1495,group_27
aves_aa_4R_auth_0879,1495,group_14
aves_aa_4R_auth_0815,1495,group_13
aves_aa_4R_auth_0908,1495,group_19
aves_aa_4R_auth_0849,1495,group_23
aves_aa_4R_auth_0811,1495,group_28
aves_aa_4R_auth_0909,1495,group_22
aves_aa_4R_auth_0866,1495,group_12
aves_aa_4R_auth_0893,1496,group_15
aves_aa_4R_auth_0910,1496,group_05
aves_aa_4R_auth_0914,1496,group_07
aves_aa_4R_auth_0911,1496,group_11
aves_aa_4R_auth_0912,1496,group_09
aves_aa_4R_auth_0867,1496,group_21
aves_aa_4R_auth_0853,1496,group_25
aves_aa_4R_auth_0915,1496,group_20
aves_aa_4R_auth_0747,1496,group_06
aves_aa_4R_auth_0913,1496,group_16
aves_aa_4R_auth_0896,1496,group_08
aves_aa_4R_auth_0847,1496,group_10
aves_aa_4R_auth_0916,1496,group_27
aves_aa_4R_auth_0879,1496,group_14
aves_aa_4R_auth_0897,1496,group_13
aves_aa_4R_auth_0917,1496,group_19
aves_aa_4R_auth_0849,1496,group_23
aves_aa_4R_auth_0552,1496,group_28
aves_aa_4R_auth_0843,1496,group_22
aves_aa_4R_auth_0918,1496,group_12
aves_aa_4R_auth_0893,1497,group_15
aves_aa_4R_auth_0919,1497,group_05
aves_aa_4R_auth_0914,1497,group_07
aves_aa_4R_auth_0894,1497,group_11
aves_aa_4R_auth_0920,1497,group_09
aves_aa_4R_auth_0921,1497,group_21
aves_aa_4R_auth_0853,1497,group_25
aves_aa_4R_auth_0922,1497,group_20
aves_aa_4R_auth_0747,1497,group_06
aves_aa_4R_auth_0923,1497,group_16
aves_aa_4R_auth_0896,1497,group_08
aves_aa_4R_auth_0878,1497,group_10
aves_aa_4R_auth_0916,1497,group_27
aves_aa_4R_auth_0924,1497,group_14
aves_aa_4R_auth_0897,1497,group_13
aves_aa_4R_auth_0917,1497,group_19
aves_aa_4R_auth_0925,1497,group_23
aves_aa_4R_auth_0926,1497,group_28
aves_aa_4R_auth_0843,1497,group_22
aves_aa_4R_auth_0918,1497,group_12
aves_aa_4R_auth_0927,1498,group_15
aves_aa_4R_auth_0919,1498,group_05
aves_aa_4R_auth_0851,1498,group_07
aves_aa_4R_auth_0882,1498,group_11
aves_aa_4R_auth_0920,1498,group_09
aves_aa_4R_auth_0921,1498,group_21
aves_aa_4R_auth_0928,1498,group_25
aves_aa_4R_auth_0922,1498,group_20
aves_aa_4R_auth_0830,1498,group_06
aves_aa_4R_auth_0923,1498,group_16
aves_aa_4R_auth_0906,1498,group_08
aves_aa_4R_auth_0878,1498,group_10
aves_aa_4R_auth_0890,1498,group_27
aves_aa_4R_auth_0924,1498,group_14
aves_aa_4R_auth_0815,1498,group_13
aves_aa_4R_auth_0929,1498,group_19
aves_aa_4R_auth_0925,1498,group_23
aves_aa_4R_auth_0930,1498,group_28
aves_aa_4R_auth_0886,1498,group_22
aves_aa_4R_auth_0881,1498,group_12
aves_aa_4R_auth_0927,1499,group_15
aves_aa_4R_auth_0787,1499,group_05
aves_aa_4R_auth_0851,1499,group_07
aves_aa_4R_auth_0931,1499,group_11
aves_aa_4R_auth_0912,1499,group_09
aves_aa_4R_auth_0876,1499,group_21
aves_aa_4R_auth_0928,1499,group_25
aves_aa_4R_auth_0903,1499,group_20
aves_aa_4R_auth_0830,1499,group_06
aves_aa_4R_auth_0808,1499,group_16
aves_aa_4R_auth_0906,1499,group_08
aves_aa_4R_auth_0889,1499,group_10
aves_aa_4R_auth_0890,1499,group_27
aves_aa_4R_auth_0872,1499,group_14
aves_aa_4R_auth_0815,1499,group_13
aves_aa_4R_auth_0929,1499,group_19
aves_aa_4R_auth_0904,1499,group_23
aves_aa_4R_auth_0837,1499,group_28
aves_aa_4R_auth_0886,1499,group_22
aves_aa_4R_auth_0881,1499,group_12
