authority,date,role,represents,represents_in
aves_aa_4R_auth_1093,1444,group_50,,group_30
aves_aa_4R_auth_1092,1444,group_50,,group_12
aves_aa_4R_auth_1091,1444,group_50,,group_12
aves_aa_4R_auth_1090,1444,group_50,,group_12
aves_aa_4R_auth_1089,1444,group_50,,group_12
aves_aa_4R_auth_1088,1444,group_50,,group_17
aves_aa_4R_auth_1087,1444,group_50,,group_17
aves_aa_4R_auth_1086,1444,group_50,,group_17
aves_aa_4R_auth_1085,1444,group_50,,group_17
aves_aa_4R_auth_1084,1444,group_50,group_73,group_29
aves_aa_4R_auth_1083,1444,group_50,group_67,group_29
aves_aa_4R_auth_1082,1444,group_50,group_67,group_29
aves_aa_4R_auth_1081,1444,group_50,group_67,group_29
aves_aa_4R_auth_1080,1444,group_50,group_67,group_29
aves_aa_4R_auth_1079,1444,group_50,group_65,group_29
aves_aa_4R_auth_1078,1444,group_50,,group_26
aves_aa_4R_auth_1077,1444,group_50,,group_26
aves_aa_4R_auth_1076,1444,group_50,,group_26
aves_aa_4R_auth_1075,1444,group_50,group_37,group_22
aves_aa_4R_auth_1074,1444,group_50,group_37,group_22
aves_aa_4R_auth_1073,1444,group_50,group_36,group_22
aves_aa_4R_auth_1072,1444,group_50,group_34,group_22
aves_aa_4R_auth_1071,1444,group_50,group_38,group_22
aves_aa_4R_auth_1070,1444,group_50,group_38,group_22
aves_aa_4R_auth_1069,1444,group_50,,group_28
aves_aa_4R_auth_1068,1444,group_50,,group_28
aves_aa_4R_auth_1067,1444,group_50,,group_28
aves_aa_4R_auth_1066,1444,group_50,group_47,group_23
aves_aa_4R_auth_1065,1444,group_50,group_45,group_23
aves_aa_4R_auth_1064,1444,group_50,group_35,group_23
aves_aa_4R_auth_1063,1444,group_50,group_33,group_23
aves_aa_4R_auth_1062,1444,group_50,group_33,group_23
aves_aa_4R_auth_1061,1444,group_50,group_33,group_23
aves_aa_4R_auth_1060,1444,group_50,,group_19
aves_aa_4R_auth_1059,1444,group_50,,group_19
aves_aa_4R_auth_1058,1444,group_50,,group_19
aves_aa_4R_auth_1057,1444,group_50,,group_19
aves_aa_4R_auth_1056,1444,group_50,,group_19
aves_aa_4R_auth_1055,1444,group_50,,group_19
aves_aa_4R_auth_1054,1444,group_50,,group_19
aves_aa_4R_auth_1053,1444,group_50,,group_19
aves_aa_4R_auth_1052,1444,group_50,,group_19
aves_aa_4R_auth_1051,1444,group_50,,group_19
aves_aa_4R_auth_1050,1444,group_50,,group_19
aves_aa_4R_auth_1049,1444,group_50,group_70,group_32
aves_aa_4R_auth_1048,1444,group_50,group_74,group_32
aves_aa_4R_auth_1047,1444,group_50,group_68,group_32
aves_aa_4R_auth_1046,1444,group_50,group_68,group_32
aves_aa_4R_auth_1045,1444,group_50,group_63,group_24
aves_aa_4R_auth_1044,1444,group_50,group_63,group_24
aves_aa_4R_auth_1043,1444,group_50,group_63,group_24
aves_aa_4R_auth_1042,1444,group_50,group_64,group_24
aves_aa_4R_auth_1041,1444,group_50,group_64,group_24
aves_aa_4R_auth_1040,1444,group_50,group_64,group_24
aves_aa_4R_auth_1039,1444,group_50,group_64,group_24
aves_aa_4R_auth_1038,1444,group_50,group_64,group_24
aves_aa_4R_auth_1037,1444,group_50,group_66,group_18
aves_aa_4R_auth_1036,1444,group_50,group_66,group_18
aves_aa_4R_auth_1035,1444,group_50,group_69,group_18
aves_aa_4R_auth_1034,1444,group_50,group_69,group_18
aves_aa_4R_auth_1033,1444,group_50,group_69,group_18
aves_aa_4R_auth_1032,1444,group_50,,group_13
aves_aa_4R_auth_1031,1444,group_50,,group_13
aves_aa_4R_auth_1030,1444,group_50,,group_13
aves_aa_4R_auth_1029,1444,group_50,,group_13
aves_aa_4R_auth_1028,1444,group_50,,group_13
aves_aa_4R_auth_1027,1444,group_50,,group_13
aves_aa_4R_auth_1026,1444,group_50,,group_13
aves_aa_4R_auth_1025,1444,group_50,,group_13
aves_aa_4R_auth_1024,1444,group_50,,group_13
aves_aa_4R_auth_1023,1444,group_50,,group_14
aves_aa_4R_auth_1022,1444,group_50,,group_14
aves_aa_4R_auth_1021,1444,group_50,,group_14
aves_aa_4R_auth_1020,1444,group_50,,group_14
aves_aa_4R_auth_1019,1444,group_50,,group_14
aves_aa_4R_auth_1018,1444,group_50,,group_14
aves_aa_4R_auth_1017,1444,group_50,,group_27
aves_aa_4R_auth_1016,1444,group_50,,group_27
aves_aa_4R_auth_1015,1444,group_50,,group_27
aves_aa_4R_auth_1014,1444,group_50,,group_27
aves_aa_4R_auth_1013,1444,group_50,,group_27
aves_aa_4R_auth_1012,1444,group_50,,group_10
aves_aa_4R_auth_1011,1444,group_50,,group_10
aves_aa_4R_auth_1010,1444,group_50,,group_08
aves_aa_4R_auth_1009,1444,group_50,,group_08
aves_aa_4R_auth_1008,1444,group_50,,group_08
aves_aa_4R_auth_1007,1444,group_50,,group_08
aves_aa_4R_auth_1006,1444,group_50,,group_16
aves_aa_4R_auth_1005,1444,group_50,,group_16
aves_aa_4R_auth_1004,1444,group_50,,group_16
aves_aa_4R_auth_1003,1444,group_50,,group_16
aves_aa_4R_auth_1002,1444,group_50,,group_16
aves_aa_4R_auth_1001,1444,group_50,,group_16
aves_aa_4R_auth_1000,1444,group_50,,group_16
aves_aa_4R_auth_0999,1444,group_50,,group_06
aves_aa_4R_auth_0998,1444,group_50,,group_06
aves_aa_4R_auth_0997,1444,group_50,,group_06
aves_aa_4R_auth_0996,1444,group_50,,group_06
aves_aa_4R_auth_0995,1444,group_50,,group_06
aves_aa_4R_auth_0994,1444,group_50,,group_06
aves_aa_4R_auth_0993,1444,group_50,group_72,group_20
aves_aa_4R_auth_0992,1444,group_50,group_72,group_20
aves_aa_4R_auth_0991,1444,group_50,group_72,group_20
aves_aa_4R_auth_0990,1444,group_50,group_72,group_20
aves_aa_4R_auth_0989,1444,group_50,group_72,group_20
aves_aa_4R_auth_0988,1444,group_50,group_71,group_20
aves_aa_4R_auth_0987,1444,group_50,group_71,group_20
aves_aa_4R_auth_0986,1444,group_50,group_71,group_20
aves_aa_4R_auth_0985,1444,group_50,group_71,group_20
aves_aa_4R_auth_0984,1444,group_50,group_71,group_20
aves_aa_4R_auth_0983,1444,group_50,,group_25
aves_aa_4R_auth_0982,1444,group_50,,group_25
aves_aa_4R_auth_0981,1444,group_50,,group_25
aves_aa_4R_auth_0980,1444,group_50,,group_25
aves_aa_4R_auth_0979,1444,group_50,,group_25
aves_aa_4R_auth_0978,1444,group_50,,group_25
aves_aa_4R_auth_0977,1444,group_50,,group_21
aves_aa_4R_auth_0976,1444,group_50,,group_21
aves_aa_4R_auth_0975,1444,group_50,,group_09
aves_aa_4R_auth_0974,1444,group_50,,group_09
aves_aa_4R_auth_0973,1444,group_50,,group_09
aves_aa_4R_auth_0972,1444,group_50,,group_09
aves_aa_4R_auth_0971,1444,group_50,,group_09
aves_aa_4R_auth_0970,1444,group_50,,group_09
aves_aa_4R_auth_0969,1444,group_50,,group_09
aves_aa_4R_auth_0968,1444,group_50,group_40,group_11
aves_aa_4R_auth_0967,1444,group_50,group_40,group_11
aves_aa_4R_auth_0966,1444,group_50,group_40,group_11
aves_aa_4R_auth_0965,1444,group_50,group_40,group_11
aves_aa_4R_auth_0964,1444,group_50,group_40,group_11
aves_aa_4R_auth_0963,1444,group_50,group_40,group_11
aves_aa_4R_auth_0962,1444,group_50,group_46,group_07
aves_aa_4R_auth_0961,1444,group_50,group_46,group_07
aves_aa_4R_auth_0960,1444,group_50,group_46,group_07
aves_aa_4R_auth_0959,1444,group_50,group_44,group_05
aves_aa_4R_auth_0958,1444,group_50,group_44,group_05
aves_aa_4R_auth_0957,1444,group_50,group_44,group_05
aves_aa_4R_auth_0956,1444,group_50,group_44,group_05
aves_aa_4R_auth_0955,1444,group_50,group_44,group_05
aves_aa_4R_auth_0954,1444,group_50,group_44,group_05
aves_aa_4R_auth_0953,1444,group_50,group_44,group_05
aves_aa_4R_auth_0952,1444,group_50,group_44,group_05
aves_aa_4R_auth_0951,1444,group_50,group_44,group_05
aves_aa_4R_auth_0950,1444,group_50,group_42,group_15
aves_aa_4R_auth_0949,1444,group_50,group_41,group_15
aves_aa_4R_auth_0948,1444,group_50,group_41,group_15
aves_aa_4R_auth_0947,1444,group_50,group_41,group_15
aves_aa_4R_auth_0946,1444,group_50,group_43,group_15
aves_aa_4R_auth_0945,1444,group_50,group_43,group_15
aves_aa_4R_auth_0944,1444,group_50,group_43,group_15
aves_aa_4R_auth_0943,1444,group_50,group_43,group_15
aves_aa_4R_auth_0942,1444,group_50,group_43,group_15
aves_aa_4R_auth_0941,1444,group_50,group_43,group_15
aves_aa_4R_auth_0940,1444,group_50,group_43,group_15
aves_aa_4R_auth_0939,1444,group_50,group_43,group_15
aves_aa_4R_auth_0938,1444,group_50,group_39,group_15
aves_aa_4R_auth_0937,1444,group_50,group_39,group_15
aves_aa_4R_auth_0936,1444,group_50,group_39,group_15
aves_aa_4R_auth_0935,1444,group_50,group_39,group_15
aves_aa_4R_auth_0933,1444,group_50,,group_26
aves_aa_4R_auth_0932,1444,group_50,,group_09
aves_aa_4R_auth_0775,1471,group_49,group_05,group_01
aves_aa_4R_auth_0775,1472,group_49,group_05,group_01
aves_aa_4R_auth_0775,1444,group_50,group_44,group_05
aves_aa_4R_auth_0750,1467,group_49,group_15,group_01
aves_aa_4R_auth_0750,1444,group_50,group_44,group_05
aves_aa_4R_auth_0740,1466,group_49,group_07,group_01
aves_aa_4R_auth_0740,1467,group_49,group_07,group_01
aves_aa_4R_auth_0740,1444,group_50,group_46,group_07
aves_aa_4R_auth_0715,1462,group_49,group_15,group_01
aves_aa_4R_auth_0715,1463,group_49,group_15,group_01
aves_aa_4R_auth_0715,1466,group_49,group_15,group_01
aves_aa_4R_auth_0715,1444,group_50,group_39,group_15
aves_aa_4R_auth_0712,1462,group_49,group_08,group_01
aves_aa_4R_auth_0712,1463,group_49,group_08,group_01
aves_aa_4R_auth_0712,1444,group_50,,group_08
aves_aa_4R_auth_0699,1459,group_49,group_18,group_01
aves_aa_4R_auth_0699,1460,group_49,group_18,group_01
aves_aa_4R_auth_0699,1444,group_50,group_66,group_18
aves_aa_4R_auth_0673,1455,group_49,group_29,group_01
aves_aa_4R_auth_0673,1444,group_50,group_67,group_29
aves_aa_4R_auth_0672,1455,group_49,group_25,group_01
aves_aa_4R_auth_0672,1444,group_50,,group_25
aves_aa_4R_auth_0669,1455,group_49,group_20,group_01
aves_aa_4R_auth_0669,1444,group_50,group_71,group_20
aves_aa_4R_auth_0667,1455,group_49,group_15,group_01
aves_aa_4R_auth_0667,1444,group_50,group_39,group_15
aves_aa_4R_auth_0663,1455,group_49,group_07,group_01
aves_aa_4R_auth_0663,1444,group_50,group_46,group_07
aves_aa_4R_auth_0661,1455,group_49,group_05,group_01
aves_aa_4R_auth_0661,1461,group_49,group_05,group_01
aves_aa_4R_auth_0661,1462,group_49,group_05,group_01
aves_aa_4R_auth_0661,1444,group_50,group_44,group_05
aves_aa_4R_auth_0658,1454,group_49,group_21,group_01
aves_aa_4R_auth_0658,1444,group_50,,group_21
aves_aa_4R_auth_0654,1454,group_49,group_08,group_01
aves_aa_4R_auth_0654,1444,group_50,,group_08
aves_aa_4R_auth_0652,1454,group_49,group_05,group_01
aves_aa_4R_auth_0652,1444,group_50,group_44,group_05
aves_aa_4R_auth_0650,1453,group_49,group_29,group_01
aves_aa_4R_auth_0650,1458,group_49,group_29,group_01
aves_aa_4R_auth_0650,1459,group_49,group_29,group_01
aves_aa_4R_auth_0650,1444,group_50,group_73,group_29
aves_aa_4R_auth_0646,1453,group_49,group_23,group_01
aves_aa_4R_auth_0646,1444,group_50,group_45,group_23
aves_aa_4R_auth_0641,1453,group_49,group_05,group_01
aves_aa_4R_auth_0641,1444,group_50,group_44,group_05
aves_aa_4R_auth_0639,1452,group_49,group_24,group_01
aves_aa_4R_auth_0639,1444,group_50,group_64,group_24
aves_aa_4R_auth_0631,1452,group_49,group_06,group_01
aves_aa_4R_auth_0631,1444,group_50,,group_06
aves_aa_4R_auth_0630,1451,group_49,group_28,group_01
aves_aa_4R_auth_0630,1444,group_50,,group_28
aves_aa_4R_auth_0626,1451,group_49,group_20,group_01
aves_aa_4R_auth_0626,1444,group_50,group_71,group_20
aves_aa_4R_auth_0613,1450,group_49,group_15,group_01
aves_aa_4R_auth_0613,1456,group_49,group_15,group_01
aves_aa_4R_auth_0613,1457,group_49,group_15,group_01
aves_aa_4R_auth_0613,1444,group_50,group_39,group_15
aves_aa_4R_auth_0609,1449,group_49,group_31,group_01
aves_aa_4R_auth_0609,1444,group_50,group_36,group_22
aves_aa_4R_auth_0605,1449,group_49,group_20,group_01
aves_aa_4R_auth_0605,1444,group_50,group_71,group_20
aves_aa_4R_auth_0602,1449,group_49,group_14,group_01
aves_aa_4R_auth_0602,1444,group_50,,group_14
aves_aa_4R_auth_0601,1449,group_49,group_12,group_01
aves_aa_4R_auth_0601,1466,group_49,group_12,group_01
aves_aa_4R_auth_0601,1467,group_49,group_12,group_01
aves_aa_4R_auth_0601,1444,group_50,group_55,group_12
aves_aa_4R_auth_0600,1449,group_49,group_11,group_01
aves_aa_4R_auth_0600,1457,group_49,group_11,group_01
aves_aa_4R_auth_0600,1458,group_49,group_11,group_01
aves_aa_4R_auth_0600,1444,group_50,group_40,group_11
aves_aa_4R_auth_0597,1448,group_49,group_23,group_01
aves_aa_4R_auth_0597,1444,group_50,group_35,group_23
aves_aa_4R_auth_0595,1448,group_49,group_20,group_01
aves_aa_4R_auth_0595,1454,group_49,group_20,group_01
aves_aa_4R_auth_0595,1444,group_50,group_72,group_20
aves_aa_4R_auth_0593,1448,group_49,group_17,group_01
aves_aa_4R_auth_0593,1444,group_50,,group_17
aves_aa_4R_auth_0592,1448,group_49,group_16,group_01
aves_aa_4R_auth_0592,1444,group_50,,group_16
aves_aa_4R_auth_0590,1447,group_49,group_29,group_01
aves_aa_4R_auth_0590,1451,group_49,group_29,group_01
aves_aa_4R_auth_0590,1444,group_50,group_67,group_29
aves_aa_4R_auth_0587,1447,group_49,group_26,group_01
aves_aa_4R_auth_0587,1444,group_50,,group_26
aves_aa_4R_auth_0584,1447,group_49,group_19,group_01
aves_aa_4R_auth_0584,1444,group_50,,group_19
aves_aa_4R_auth_0582,1447,group_49,group_12,group_01
aves_aa_4R_auth_0582,1444,group_50,group_55,group_12
aves_aa_4R_auth_0579,1447,group_49,group_09,group_01
aves_aa_4R_auth_0579,1444,group_50,,group_09
aves_aa_4R_auth_0577,1446,group_49,group_24,group_01
aves_aa_4R_auth_0577,1444,group_50,group_64,group_24
aves_aa_4R_auth_0576,1446,group_49,group_23,group_01
aves_aa_4R_auth_0576,1444,group_50,group_47,group_23
aves_aa_4R_auth_0575,1446,group_49,group_21,group_01
aves_aa_4R_auth_0575,1449,group_49,group_21,group_01
aves_aa_4R_auth_0575,1444,group_50,,group_21
aves_aa_4R_auth_0574,1446,group_49,group_16,group_01
aves_aa_4R_auth_0574,1450,group_49,group_16,group_01
aves_aa_4R_auth_0574,1453,group_49,group_16,group_01
aves_aa_4R_auth_0574,1455,group_49,group_16,group_01
aves_aa_4R_auth_0574,1444,group_50,,group_16
aves_aa_4R_auth_0572,1446,group_49,group_11,group_01
aves_aa_4R_auth_0572,1444,group_50,group_40,group_11
aves_aa_4R_auth_0571,1446,group_49,group_10,group_01
aves_aa_4R_auth_0571,1451,group_49,group_10,group_01
aves_aa_4R_auth_0571,1455,group_49,group_10,group_01
aves_aa_4R_auth_0571,1465,group_49,group_10,group_01
aves_aa_4R_auth_0571,1466,group_49,group_10,group_01
aves_aa_4R_auth_0571,1471,group_49,group_10,group_01
aves_aa_4R_auth_0571,1472,group_49,group_10,group_01
aves_aa_4R_auth_0571,1479,group_49,group_10,group_01
aves_aa_4R_auth_0571,1480,group_49,group_10,group_01
aves_aa_4R_auth_0571,1481,group_49,group_10,group_01
aves_aa_4R_auth_0571,1482,group_49,group_10,group_01
aves_aa_4R_auth_0571,1485,group_49,group_10,group_01
aves_aa_4R_auth_0571,1486,group_49,group_10,group_01
aves_aa_4R_auth_0571,1493,group_49,group_10,group_01
aves_aa_4R_auth_0571,1494,group_49,group_10,group_01
aves_aa_4R_auth_0571,1444,group_50,,group_10
aves_aa_4R_auth_0570,1446,group_49,group_06,group_01
aves_aa_4R_auth_0570,1449,group_49,group_06,group_01
aves_aa_4R_auth_0570,1453,group_49,group_06,group_01
aves_aa_4R_auth_0570,1456,group_49,group_06,group_01
aves_aa_4R_auth_0570,1457,group_49,group_06,group_01
aves_aa_4R_auth_0570,1464,group_49,group_06,group_01
aves_aa_4R_auth_0570,1465,group_49,group_06,group_01
aves_aa_4R_auth_0570,1444,group_50,,group_06
aves_aa_4R_auth_0569,1446,group_49,group_05,group_01
aves_aa_4R_auth_0569,1444,group_50,group_44,group_05
aves_aa_4R_auth_0568,1445,group_49,group_30,group_01
aves_aa_4R_auth_0568,1447,group_49,group_30,group_01
aves_aa_4R_auth_0568,1449,group_49,group_30,group_01
aves_aa_4R_auth_0568,1451,group_49,group_30,group_01
aves_aa_4R_auth_0568,1454,group_49,group_30,group_01
aves_aa_4R_auth_0568,1457,group_49,group_30,group_01
aves_aa_4R_auth_0568,1458,group_49,group_30,group_01
aves_aa_4R_auth_0568,1461,group_49,group_30,group_01
aves_aa_4R_auth_0568,1462,group_49,group_30,group_01
aves_aa_4R_auth_0568,1444,group_50,,group_30
aves_aa_4R_auth_0567,1445,group_49,group_29,group_01
aves_aa_4R_auth_0567,1444,group_50,group_73,group_29
aves_aa_4R_auth_0566,1445,group_49,group_26,group_01
aves_aa_4R_auth_0566,1449,group_49,group_26,group_01
aves_aa_4R_auth_0566,1452,group_49,group_26,group_01
aves_aa_4R_auth_0566,1444,group_50,,group_26
aves_aa_4R_auth_0564,1445,group_49,group_21,group_01
aves_aa_4R_auth_0564,1444,group_50,,group_21
aves_aa_4R_auth_0562,1445,group_49,group_13,group_01
aves_aa_4R_auth_0562,1444,group_50,,group_13
aves_aa_4R_auth_0560,1445,group_49,group_05,group_01
aves_aa_4R_auth_0560,1444,group_50,group_44,group_05
aves_aa_4R_auth_0559,1444,group_49,group_25,group_01
aves_aa_4R_auth_0559,1453,group_49,group_25,group_01
aves_aa_4R_auth_0559,1444,group_50,,group_25
aves_aa_4R_auth_0558,1444,group_49,group_20,group_01
aves_aa_4R_auth_0558,1444,group_49,group_20,group_01
aves_aa_4R_auth_0558,1444,group_50,group_72,group_20
aves_aa_4R_auth_0558,1444,group_50,group_72,group_20
aves_aa_4R_auth_0558,1444,group_50,,group_26
aves_aa_4R_auth_0558,1444,group_50,,group_26
aves_aa_4R_auth_0557,1444,group_49,group_18,group_01
aves_aa_4R_auth_0557,1446,group_49,group_18,group_01
aves_aa_4R_auth_0557,1448,group_49,group_18,group_01
aves_aa_4R_auth_0557,1444,group_50,group_66,group_18
aves_aa_4R_auth_0556,1444,group_49,group_15,group_01
aves_aa_4R_auth_0556,1444,group_50,group_39,group_15
aves_aa_4R_auth_0555,1444,group_49,group_13,group_01
aves_aa_4R_auth_0555,1448,group_49,group_13,group_01
aves_aa_4R_auth_0555,1458,group_49,group_13,group_01
aves_aa_4R_auth_0555,1459,group_49,group_13,group_01
aves_aa_4R_auth_0555,1444,group_50,,group_13
aves_aa_4R_auth_0553,1443,group_49,group_29,group_01
aves_aa_4R_auth_0553,1450,group_49,group_29,group_01
aves_aa_4R_auth_0553,1444,group_50,group_67,group_29
aves_aa_4R_auth_0552,1443,group_49,group_28,group_01
aves_aa_4R_auth_0552,1479,group_49,group_28,group_01
aves_aa_4R_auth_0552,1480,group_49,group_28,group_01
aves_aa_4R_auth_0552,1485,group_49,group_28,group_01
aves_aa_4R_auth_0552,1486,group_49,group_28,group_01
aves_aa_4R_auth_0552,1496,group_49,group_28,group_01
aves_aa_4R_auth_0552,1444,group_50,,group_28
aves_aa_4R_auth_0551,1443,group_49,group_27,group_01
aves_aa_4R_auth_0551,1450,group_49,group_27,group_01
aves_aa_4R_auth_0551,1454,group_49,group_27,group_01
aves_aa_4R_auth_0551,1462,group_49,group_27,group_01
aves_aa_4R_auth_0551,1463,group_49,group_27,group_01
aves_aa_4R_auth_0551,1444,group_50,,group_27
aves_aa_4R_auth_0550,1443,group_49,group_24,group_01
aves_aa_4R_auth_0550,1444,group_50,group_63,group_24
aves_aa_4R_auth_0549,1443,group_49,group_21,group_01
aves_aa_4R_auth_0549,1448,group_49,group_21,group_01
aves_aa_4R_auth_0549,1450,group_49,group_21,group_01
aves_aa_4R_auth_0549,1452,group_49,group_21,group_01
aves_aa_4R_auth_0549,1453,group_48,,group_01
aves_aa_4R_auth_0549,1455,group_49,group_21,group_01
aves_aa_4R_auth_0549,1457,group_49,group_21,group_01
aves_aa_4R_auth_0549,1458,group_49,group_21,group_01
aves_aa_4R_auth_0549,1459,group_48,,group_01
aves_aa_4R_auth_0549,1461,group_49,group_21,group_01
aves_aa_4R_auth_0549,1462,group_49,group_21,group_01
aves_aa_4R_auth_0549,1444,group_50,,group_21
aves_aa_4R_auth_0548,1443,group_49,group_16,group_01
aves_aa_4R_auth_0548,1447,group_49,group_16,group_01
aves_aa_4R_auth_0548,1449,group_49,group_16,group_01
aves_aa_4R_auth_0548,1452,group_49,group_16,group_01
aves_aa_4R_auth_0548,1454,group_49,group_16,group_01
aves_aa_4R_auth_0548,1457,group_49,group_16,group_01
aves_aa_4R_auth_0548,1458,group_49,group_16,group_01
aves_aa_4R_auth_0548,1461,group_49,group_16,group_01
aves_aa_4R_auth_0548,1462,group_49,group_16,group_01
aves_aa_4R_auth_0548,1444,group_50,,group_16
aves_aa_4R_auth_0547,1443,group_49,group_15,group_01
aves_aa_4R_auth_0547,1444,group_50,group_39,group_15
aves_aa_4R_auth_0546,1443,group_49,group_10,group_01
aves_aa_4R_auth_0546,1450,group_49,group_10,group_01
aves_aa_4R_auth_0546,1453,group_49,group_10,group_01
aves_aa_4R_auth_0546,1459,group_49,group_10,group_01
aves_aa_4R_auth_0546,1460,group_49,group_10,group_01
aves_aa_4R_auth_0546,1444,group_50,,group_10
aves_aa_4R_auth_0545,1443,group_49,group_08,group_01
aves_aa_4R_auth_0545,1450,group_49,group_08,group_01
aves_aa_4R_auth_0545,1456,group_49,group_08,group_01
aves_aa_4R_auth_0545,1457,group_49,group_08,group_01
aves_aa_4R_auth_0545,1444,group_50,,group_08
aves_aa_4R_auth_0544,1443,group_49,group_07,group_01
aves_aa_4R_auth_0544,1444,group_50,group_46,group_07
aves_aa_4R_auth_0543,1443,group_49,group_05,group_01
aves_aa_4R_auth_0543,1444,group_50,group_44,group_05
aves_aa_4R_auth_0542,1442,group_49,group_32,group_01
aves_aa_4R_auth_0542,1445,group_49,group_32,group_01
aves_aa_4R_auth_0542,1444,group_50,group_70,group_32
aves_aa_4R_auth_0540,1442,group_49,group_28,group_01
aves_aa_4R_auth_0540,1454,group_49,group_28,group_01
aves_aa_4R_auth_0540,1444,group_50,,group_28
aves_aa_4R_auth_0539,1442,group_49,group_24,group_01
aves_aa_4R_auth_0539,1444,group_50,group_64,group_24
aves_aa_4R_auth_0538,1442,group_49,group_22,group_01
aves_aa_4R_auth_0538,1446,group_49,group_22,group_01
aves_aa_4R_auth_0538,1444,group_50,group_36,group_22
aves_aa_4R_auth_0537,1442,group_49,group_20,group_01
aves_aa_4R_auth_0537,1444,group_50,group_72,group_20
aves_aa_4R_auth_0536,1442,group_49,group_12,group_01
aves_aa_4R_auth_0536,1444,group_49,group_12,group_01
aves_aa_4R_auth_0536,1448,group_49,group_12,group_01
aves_aa_4R_auth_0536,1452,group_49,group_12,group_01
aves_aa_4R_auth_0536,1444,group_50,,group_12
aves_aa_4R_auth_0535,1442,group_49,group_07,group_01
aves_aa_4R_auth_0535,1446,group_49,group_07,group_01
aves_aa_4R_auth_0535,1449,group_49,group_07,group_01
aves_aa_4R_auth_0535,1452,group_49,group_07,group_01
aves_aa_4R_auth_0535,1444,group_50,group_46,group_07
aves_aa_4R_auth_0534,1442,group_48,,group_01
aves_aa_4R_auth_0534,1444,group_49,group_07,group_01
aves_aa_4R_auth_0534,1444,group_50,group_46,group_07
aves_aa_4R_auth_0532,1441,group_49,group_27,group_01
aves_aa_4R_auth_0532,1444,group_50,,group_27
aves_aa_4R_auth_0531,1441,group_49,group_26,group_01
aves_aa_4R_auth_0531,1450,group_49,group_26,group_01
aves_aa_4R_auth_0531,1455,group_49,group_26,group_01
aves_aa_4R_auth_0531,1461,group_49,group_26,group_01
aves_aa_4R_auth_0531,1462,group_49,group_26,group_01
aves_aa_4R_auth_0531,1467,group_49,group_26,group_01
aves_aa_4R_auth_0531,1468,group_49,group_26,group_01
aves_aa_4R_auth_0531,1471,group_49,group_26,group_01
aves_aa_4R_auth_0531,1444,group_50,,group_26
aves_aa_4R_auth_0529,1441,group_49,group_20,group_01
aves_aa_4R_auth_0529,1444,group_50,group_71,group_20
aves_aa_4R_auth_0528,1441,group_49,group_16,group_01
aves_aa_4R_auth_0528,1445,group_49,group_16,group_01
aves_aa_4R_auth_0528,1451,group_49,group_16,group_01
aves_aa_4R_auth_0528,1444,group_50,,group_16
aves_aa_4R_auth_0527,1441,group_49,group_12,group_01
aves_aa_4R_auth_0527,1445,group_49,group_12,group_01
aves_aa_4R_auth_0527,1450,group_49,group_12,group_01
aves_aa_4R_auth_0527,1453,group_49,group_12,group_01
aves_aa_4R_auth_0527,1444,group_50,,group_12
aves_aa_4R_auth_0526,1441,group_49,group_10,group_01
aves_aa_4R_auth_0526,1444,group_50,,group_10
aves_aa_4R_auth_0524,1441,group_49,group_08,group_01
aves_aa_4R_auth_0524,1445,group_49,group_08,group_01
aves_aa_4R_auth_0524,1448,group_49,group_08,group_01
aves_aa_4R_auth_0524,1453,group_49,group_08,group_01
aves_aa_4R_auth_0524,1444,group_50,,group_08
aves_aa_4R_auth_0523,1441,group_49,group_07,group_01
aves_aa_4R_auth_0523,1444,group_50,group_46,group_07
aves_aa_4R_auth_0522,1441,group_49,group_05,group_01
aves_aa_4R_auth_0522,1447,group_49,group_05,group_01
aves_aa_4R_auth_0522,1448,group_48,,group_01
aves_aa_4R_auth_0522,1450,group_49,group_05,group_01
aves_aa_4R_auth_0522,1452,group_49,group_05,group_01
aves_aa_4R_auth_0522,1454,group_48,,group_01
aves_aa_4R_auth_0522,1456,group_49,group_05,group_01
aves_aa_4R_auth_0522,1459,group_49,group_05,group_01
aves_aa_4R_auth_0522,1460,group_48,,group_01
aves_aa_4R_auth_0522,1463,group_49,group_05,group_01
aves_aa_4R_auth_0522,1464,group_49,group_05,group_01
aves_aa_4R_auth_0522,1444,group_50,group_44,group_05
aves_aa_4R_auth_0521,1440,group_49,group_31,group_01
aves_aa_4R_auth_0521,1442,group_49,group_31,group_01
aves_aa_4R_auth_0521,1446,group_49,group_31,group_01
aves_aa_4R_auth_0521,1450,group_49,group_31,group_01
aves_aa_4R_auth_0521,1452,group_49,group_31,group_01
aves_aa_4R_auth_0521,1454,group_49,group_31,group_01
aves_aa_4R_auth_0521,1444,group_50,,group_31
aves_aa_4R_auth_0520,1440,group_49,group_30,group_01
aves_aa_4R_auth_0520,1442,group_49,group_30,group_01
aves_aa_4R_auth_0520,1444,group_49,group_30,group_01
aves_aa_4R_auth_0520,1446,group_49,group_30,group_01
aves_aa_4R_auth_0520,1450,group_49,group_30,group_01
aves_aa_4R_auth_0520,1444,group_50,,group_30
aves_aa_4R_auth_0519,1440,group_49,group_29,group_01
aves_aa_4R_auth_0519,1448,group_49,group_29,group_01
aves_aa_4R_auth_0519,1464,group_49,group_29,group_01
aves_aa_4R_auth_0519,1465,group_49,group_29,group_01
aves_aa_4R_auth_0519,1474,group_49,group_29,group_01
aves_aa_4R_auth_0519,1475,group_49,group_29,group_01
aves_aa_4R_auth_0519,1444,group_50,group_65,group_29
aves_aa_4R_auth_0518,1440,group_49,group_28,group_01
aves_aa_4R_auth_0518,1455,group_49,group_28,group_01
aves_aa_4R_auth_0518,1463,group_49,group_28,group_01
aves_aa_4R_auth_0518,1464,group_49,group_28,group_01
aves_aa_4R_auth_0518,1467,group_49,group_28,group_01
aves_aa_4R_auth_0518,1468,group_49,group_28,group_01
aves_aa_4R_auth_0518,1472,group_49,group_28,group_01
aves_aa_4R_auth_0518,1475,group_49,group_28,group_01
aves_aa_4R_auth_0518,1476,group_49,group_28,group_01
aves_aa_4R_auth_0518,1444,group_50,,group_28
aves_aa_4R_auth_0516,1440,group_49,group_24,group_01
aves_aa_4R_auth_0516,1454,group_49,group_24,group_01
aves_aa_4R_auth_0516,1444,group_50,group_64,group_24
aves_aa_4R_auth_0515,1440,group_49,group_23,group_01
aves_aa_4R_auth_0515,1444,group_50,group_45,group_23
aves_aa_4R_auth_0514,1440,group_49,group_21,group_01
aves_aa_4R_auth_0514,1444,group_49,group_21,group_01
aves_aa_4R_auth_0514,1444,group_50,,group_21
aves_aa_4R_auth_0513,1440,group_49,group_20,group_01
aves_aa_4R_auth_0513,1444,group_50,group_72,group_20
aves_aa_4R_auth_0511,1440,group_49,group_14,group_01
aves_aa_4R_auth_0511,1444,group_49,group_14,group_01
aves_aa_4R_auth_0511,1448,group_49,group_14,group_01
aves_aa_4R_auth_0511,1451,group_49,group_14,group_01
aves_aa_4R_auth_0511,1455,group_49,group_14,group_01
aves_aa_4R_auth_0511,1444,group_50,,group_14
aves_aa_4R_auth_0510,1440,group_49,group_11,group_01
aves_aa_4R_auth_0510,1445,group_49,group_11,group_01
aves_aa_4R_auth_0510,1448,group_49,group_11,group_01
aves_aa_4R_auth_0510,1444,group_50,group_40,group_11
aves_aa_4R_auth_0509,1440,group_49,group_07,group_01
aves_aa_4R_auth_0509,1448,group_49,group_07,group_01
aves_aa_4R_auth_0509,1450,group_49,group_07,group_01
aves_aa_4R_auth_0509,1454,group_49,group_07,group_01
aves_aa_4R_auth_0509,1455,group_48,,group_01
aves_aa_4R_auth_0509,1458,group_49,group_07,group_01
aves_aa_4R_auth_0509,1459,group_49,group_07,group_01
aves_aa_4R_auth_0509,1461,group_48,,group_01
aves_aa_4R_auth_0509,1464,group_49,group_07,group_01
aves_aa_4R_auth_0509,1465,group_49,group_07,group_01
aves_aa_4R_auth_0509,1444,group_50,group_46,group_07
aves_aa_4R_auth_0507,1439,group_49,group_28,group_01
aves_aa_4R_auth_0507,1444,group_49,group_28,group_01
aves_aa_4R_auth_0507,1444,group_50,,group_28
aves_aa_4R_auth_0506,1439,group_49,group_27,group_01
aves_aa_4R_auth_0506,1442,group_49,group_27,group_01
aves_aa_4R_auth_0506,1445,group_49,group_27,group_01
aves_aa_4R_auth_0506,1448,group_49,group_27,group_01
aves_aa_4R_auth_0506,1451,group_49,group_27,group_01
aves_aa_4R_auth_0506,1455,group_49,group_27,group_01
aves_aa_4R_auth_0506,1460,group_49,group_27,group_01
aves_aa_4R_auth_0506,1461,group_49,group_27,group_01
aves_aa_4R_auth_0506,1444,group_50,,group_27
aves_aa_4R_auth_0505,1439,group_49,group_26,group_01
aves_aa_4R_auth_0505,1443,group_49,group_26,group_01
aves_aa_4R_auth_0505,1448,group_49,group_26,group_01
aves_aa_4R_auth_0505,1451,group_49,group_26,group_01
aves_aa_4R_auth_0505,1454,group_49,group_26,group_01
aves_aa_4R_auth_0505,1456,group_49,group_26,group_01
aves_aa_4R_auth_0505,1459,group_49,group_26,group_01
aves_aa_4R_auth_0505,1460,group_49,group_26,group_01
aves_aa_4R_auth_0505,1444,group_50,,group_26
aves_aa_4R_auth_0504,1439,group_49,group_23,group_01
aves_aa_4R_auth_0504,1443,group_49,group_23,group_01
aves_aa_4R_auth_0504,1444,group_50,group_47,group_23
aves_aa_4R_auth_0502,1439,group_49,group_21,group_01
aves_aa_4R_auth_0502,1447,group_49,group_21,group_01
aves_aa_4R_auth_0502,1453,group_49,group_21,group_01
aves_aa_4R_auth_0502,1459,group_49,group_21,group_01
aves_aa_4R_auth_0502,1460,group_49,group_21,group_01
aves_aa_4R_auth_0502,1444,group_50,,group_21
aves_aa_4R_auth_0501,1439,group_49,group_15,group_01
aves_aa_4R_auth_0501,1444,group_50,group_39,group_15
aves_aa_4R_auth_0500,1439,group_49,group_13,group_01
aves_aa_4R_auth_0500,1441,group_49,group_13,group_01
aves_aa_4R_auth_0500,1443,group_49,group_13,group_01
aves_aa_4R_auth_0500,1445,group_48,,group_01
aves_aa_4R_auth_0500,1447,group_49,group_13,group_01
aves_aa_4R_auth_0500,1449,group_49,group_13,group_01
aves_aa_4R_auth_0500,1451,group_48,,group_01
aves_aa_4R_auth_0500,1453,group_49,group_13,group_01
aves_aa_4R_auth_0500,1455,group_49,group_13,group_01
aves_aa_4R_auth_0500,1457,group_48,,group_01
aves_aa_4R_auth_0500,1444,group_50,,group_13
aves_aa_4R_auth_0499,1439,group_49,group_06,group_01
aves_aa_4R_auth_0499,1444,group_50,,group_06
aves_aa_4R_auth_0498,1439,group_49,group_05,group_01
aves_aa_4R_auth_0498,1451,group_49,group_05,group_01
aves_aa_4R_auth_0498,1444,group_50,group_44,group_05
aves_aa_4R_auth_0496,1438,group_49,group_28,group_01
aves_aa_4R_auth_0496,1446,group_49,group_28,group_01
aves_aa_4R_auth_0496,1444,group_50,,group_28
aves_aa_4R_auth_0495,1438,group_49,group_27,group_01
aves_aa_4R_auth_0495,1444,group_49,group_27,group_01
aves_aa_4R_auth_0495,1449,group_49,group_27,group_01
aves_aa_4R_auth_0495,1444,group_50,,group_27
aves_aa_4R_auth_0494,1438,group_49,group_26,group_01
aves_aa_4R_auth_0494,1444,group_49,group_26,group_01
aves_aa_4R_auth_0494,1444,group_50,,group_26
aves_aa_4R_auth_0493,1438,group_49,group_25,group_01
aves_aa_4R_auth_0493,1448,group_49,group_25,group_01
aves_aa_4R_auth_0493,1450,group_49,group_25,group_01
aves_aa_4R_auth_0493,1452,group_48,,group_01
aves_aa_4R_auth_0493,1454,group_49,group_25,group_01
aves_aa_4R_auth_0493,1456,group_49,group_25,group_01
aves_aa_4R_auth_0493,1457,group_49,group_25,group_01
aves_aa_4R_auth_0493,1458,group_48,,group_01
aves_aa_4R_auth_0493,1460,group_49,group_25,group_01
aves_aa_4R_auth_0493,1461,group_49,group_25,group_01
aves_aa_4R_auth_0493,1464,group_48,,group_01
aves_aa_4R_auth_0493,1466,group_49,group_25,group_01
aves_aa_4R_auth_0493,1467,group_49,group_25,group_01
aves_aa_4R_auth_0493,1444,group_50,,group_25
aves_aa_4R_auth_0491,1438,group_49,group_22,group_01
aves_aa_4R_auth_0491,1444,group_50,group_36,group_22
aves_aa_4R_auth_0490,1438,group_49,group_20,group_01
aves_aa_4R_auth_0490,1444,group_50,group_72,group_20
aves_aa_4R_auth_0488,1438,group_49,group_17,group_01
aves_aa_4R_auth_0488,1440,group_49,group_17,group_01
aves_aa_4R_auth_0488,1442,group_49,group_17,group_01
aves_aa_4R_auth_0488,1444,group_49,group_17,group_01
aves_aa_4R_auth_0488,1447,group_49,group_17,group_01
aves_aa_4R_auth_0488,1449,group_49,group_17,group_01
aves_aa_4R_auth_0488,1452,group_49,group_17,group_01
aves_aa_4R_auth_0488,1454,group_49,group_17,group_01
aves_aa_4R_auth_0488,1456,group_49,group_17,group_01
aves_aa_4R_auth_0488,1458,group_49,group_17,group_01
aves_aa_4R_auth_0488,1461,group_49,group_17,group_01
aves_aa_4R_auth_0488,1462,group_49,group_17,group_01
aves_aa_4R_auth_0488,1444,group_50,,group_17
aves_aa_4R_auth_0487,1438,group_49,group_12,group_01
aves_aa_4R_auth_0487,1444,group_50,,group_12
aves_aa_4R_auth_0486,1438,group_49,group_08,group_01
aves_aa_4R_auth_0486,1446,group_49,group_08,group_01
aves_aa_4R_auth_0486,1449,group_49,group_08,group_01
aves_aa_4R_auth_0486,1444,group_50,,group_08
aves_aa_4R_auth_0481,1437,group_49,group_28,group_01
aves_aa_4R_auth_0481,1448,group_49,group_28,group_01
aves_aa_4R_auth_0481,1452,group_49,group_28,group_01
aves_aa_4R_auth_0481,1444,group_50,,group_28
aves_aa_4R_auth_0480,1437,group_49,group_25,group_01
aves_aa_4R_auth_0480,1443,group_49,group_25,group_01
aves_aa_4R_auth_0480,1449,group_49,group_25,group_01
aves_aa_4R_auth_0480,1444,group_50,,group_25
aves_aa_4R_auth_0479,1437,group_49,group_23,group_01
aves_aa_4R_auth_0479,1451,group_49,group_23,group_01
aves_aa_4R_auth_0479,1444,group_50,group_35,group_23
aves_aa_4R_auth_0478,1437,group_49,group_22,group_01
aves_aa_4R_auth_0478,1441,group_49,group_22,group_01
aves_aa_4R_auth_0478,1444,group_50,group_38,group_22
aves_aa_4R_auth_0477,1437,group_49,group_18,group_01
aves_aa_4R_auth_0477,1439,group_49,group_18,group_01
aves_aa_4R_auth_0477,1441,group_49,group_18,group_01
aves_aa_4R_auth_0477,1443,group_49,group_18,group_01
aves_aa_4R_auth_0477,1445,group_49,group_18,group_01
aves_aa_4R_auth_0477,1447,group_49,group_18,group_01
aves_aa_4R_auth_0477,1444,group_50,group_69,group_18
aves_aa_4R_auth_0475,1437,group_49,group_14,group_01
aves_aa_4R_auth_0475,1456,group_49,group_14,group_01
aves_aa_4R_auth_0475,1444,group_50,,group_14
aves_aa_4R_auth_0473,1436,group_49,group_32,group_01
aves_aa_4R_auth_0473,1448,group_49,group_32,group_01
aves_aa_4R_auth_0473,1451,group_49,group_32,group_01
aves_aa_4R_auth_0473,1454,group_49,group_32,group_01
aves_aa_4R_auth_0473,1444,group_50,group_70,group_32
aves_aa_4R_auth_0471,1436,group_49,group_24,group_01
aves_aa_4R_auth_0471,1444,group_50,group_64,group_24
aves_aa_4R_auth_0470,1436,group_49,group_21,group_01
aves_aa_4R_auth_0470,1471,group_49,group_21,group_01
aves_aa_4R_auth_0470,1472,group_49,group_21,group_01
aves_aa_4R_auth_0470,1444,group_50,,group_21
aves_aa_4R_auth_0469,1436,group_49,group_20,group_01
aves_aa_4R_auth_0469,1446,group_49,group_20,group_01
aves_aa_4R_auth_0469,1452,group_49,group_20,group_01
aves_aa_4R_auth_0469,1444,group_50,group_72,group_20
aves_aa_4R_auth_0467,1436,group_49,group_08,group_01
aves_aa_4R_auth_0467,1447,group_49,group_08,group_01
aves_aa_4R_auth_0467,1451,group_49,group_08,group_01
aves_aa_4R_auth_0467,1444,group_50,,group_08
aves_aa_4R_auth_0466,1435,group_49,group_32,group_01
aves_aa_4R_auth_0466,1444,group_49,group_32,group_01
aves_aa_4R_auth_0466,1444,group_50,group_68,group_32
aves_aa_4R_auth_0464,1435,group_49,group_29,group_01
aves_aa_4R_auth_0464,1439,group_49,group_29,group_01
aves_aa_4R_auth_0464,1446,group_49,group_29,group_01
aves_aa_4R_auth_0464,1444,group_50,group_67,group_29
aves_aa_4R_auth_0463,1435,group_49,group_27,group_01
aves_aa_4R_auth_0463,1444,group_50,,group_27
aves_aa_4R_auth_0462,1435,group_49,group_26,group_01
aves_aa_4R_auth_0462,1444,group_50,,group_26
aves_aa_4R_auth_0461,1435,group_49,group_25,group_01
aves_aa_4R_auth_0461,1442,group_49,group_25,group_01
aves_aa_4R_auth_0461,1444,group_50,,group_25
aves_aa_4R_auth_0460,1435,group_49,group_22,group_01
aves_aa_4R_auth_0460,1443,group_49,group_22,group_01
aves_aa_4R_auth_0460,1444,group_50,group_34,group_22
aves_aa_4R_auth_0458,1435,group_49,group_17,group_01
aves_aa_4R_auth_0458,1437,group_49,group_17,group_01
aves_aa_4R_auth_0458,1444,group_50,,group_17
aves_aa_4R_auth_0456,1435,group_49,group_10,group_01
aves_aa_4R_auth_0456,1444,group_50,,group_10
aves_aa_4R_auth_0455,1435,group_49,group_06,group_01
aves_aa_4R_auth_0455,1442,group_49,group_06,group_01
aves_aa_4R_auth_0455,1444,group_50,,group_06
aves_aa_4R_auth_0454,1435,group_49,group_05,group_01
aves_aa_4R_auth_0454,1444,group_50,group_44,group_05
aves_aa_4R_auth_0453,1434,group_49,group_17,group_01
aves_aa_4R_auth_0453,1441,group_49,group_17,group_01
aves_aa_4R_auth_0453,1445,group_49,group_17,group_01
aves_aa_4R_auth_0453,1455,group_49,group_17,group_01
aves_aa_4R_auth_0453,1444,group_50,,group_17
aves_aa_4R_auth_0452,1434,group_49,group_09,group_01
aves_aa_4R_auth_0452,1460,group_49,group_09,group_01
aves_aa_4R_auth_0452,1461,group_49,group_09,group_01
aves_aa_4R_auth_0452,1444,group_50,,group_09
aves_aa_4R_auth_0450,1433,group_49,group_30,group_01
aves_aa_4R_auth_0450,1438,group_49,group_30,group_01
aves_aa_4R_auth_0450,1443,group_49,group_30,group_01
aves_aa_4R_auth_0450,1448,group_49,group_30,group_01
aves_aa_4R_auth_0450,1452,group_49,group_30,group_01
aves_aa_4R_auth_0450,1455,group_49,group_30,group_01
aves_aa_4R_auth_0450,1444,group_50,,group_30
aves_aa_4R_auth_0448,1433,group_49,group_26,group_01
aves_aa_4R_auth_0448,1444,group_50,,group_26
aves_aa_4R_auth_0445,1433,group_49,group_22,group_01
aves_aa_4R_auth_0445,1440,group_49,group_22,group_01
aves_aa_4R_auth_0445,1445,group_49,group_22,group_01
aves_aa_4R_auth_0445,1457,group_49,group_22,group_01
aves_aa_4R_auth_0445,1444,group_50,group_38,group_22
aves_aa_4R_auth_0443,1433,group_49,group_10,group_01
aves_aa_4R_auth_0443,1444,group_50,,group_10
aves_aa_4R_auth_0441,1433,group_49,group_05,group_01
aves_aa_4R_auth_0441,1444,group_50,group_44,group_05
aves_aa_4R_auth_0440,1431,group_49,group_24,group_01
aves_aa_4R_auth_0440,1444,group_50,group_63,group_24
aves_aa_4R_auth_0439,1431,group_49,group_15,group_01
aves_aa_4R_auth_0439,1444,group_50,group_39,group_15
aves_aa_4R_auth_0438,1431,group_49,group_12,group_01
aves_aa_4R_auth_0438,1444,group_50,,group_12
aves_aa_4R_auth_0432,1430,group_49,group_23,group_01
aves_aa_4R_auth_0432,1438,group_49,group_23,group_01
aves_aa_4R_auth_0432,1444,group_50,group_33,group_23
aves_aa_4R_auth_0427,1430,group_49,group_12,group_01
aves_aa_4R_auth_0427,1434,group_49,group_12,group_01
aves_aa_4R_auth_0427,1437,group_49,group_12,group_01
aves_aa_4R_auth_0427,1440,group_49,group_12,group_01
aves_aa_4R_auth_0427,1443,group_49,group_12,group_01
aves_aa_4R_auth_0427,1444,group_50,group_55,group_12
aves_aa_4R_auth_0426,1430,group_49,group_10,group_01
aves_aa_4R_auth_0426,1444,group_50,,group_10
aves_aa_4R_auth_0425,1429,group_49,group_32,group_01
aves_aa_4R_auth_0425,1438,group_49,group_32,group_01
aves_aa_4R_auth_0425,1441,group_49,group_32,group_01
aves_aa_4R_auth_0425,1447,group_49,group_32,group_01
aves_aa_4R_auth_0425,1450,group_49,group_32,group_01
aves_aa_4R_auth_0425,1453,group_49,group_32,group_01
aves_aa_4R_auth_0425,1444,group_50,group_68,group_32
aves_aa_4R_auth_0424,1429,group_49,group_31,group_01
aves_aa_4R_auth_0424,1431,group_49,group_31,group_01
aves_aa_4R_auth_0424,1433,group_49,group_31,group_01
aves_aa_4R_auth_0424,1436,group_49,group_31,group_01
aves_aa_4R_auth_0424,1438,group_49,group_31,group_01
aves_aa_4R_auth_0424,1441,group_49,group_31,group_01
aves_aa_4R_auth_0424,1443,group_49,group_31,group_01
aves_aa_4R_auth_0424,1445,group_49,group_31,group_01
aves_aa_4R_auth_0424,1456,group_49,group_31,group_01
aves_aa_4R_auth_0424,1457,group_49,group_31,group_01
aves_aa_4R_auth_0424,1444,group_50,,group_31
aves_aa_4R_auth_0423,1429,group_49,group_27,group_01
aves_aa_4R_auth_0423,1444,group_50,,group_27
aves_aa_4R_auth_0422,1429,group_49,group_26,group_01
aves_aa_4R_auth_0422,1434,group_49,group_26,group_01
aves_aa_4R_auth_0422,1440,group_49,group_26,group_01
aves_aa_4R_auth_0422,1446,group_49,group_26,group_01
aves_aa_4R_auth_0422,1444,group_50,,group_26
aves_aa_4R_auth_0421,1429,group_49,group_24,group_01
aves_aa_4R_auth_0421,1435,group_49,group_24,group_01
aves_aa_4R_auth_0421,1437,group_49,group_24,group_01
aves_aa_4R_auth_0421,1439,group_49,group_24,group_01
aves_aa_4R_auth_0421,1441,group_49,group_24,group_01
aves_aa_4R_auth_0421,1445,group_49,group_24,group_01
aves_aa_4R_auth_0421,1447,group_49,group_24,group_01
aves_aa_4R_auth_0421,1455,group_49,group_24,group_01
aves_aa_4R_auth_0421,1444,group_50,group_63,group_24
aves_aa_4R_auth_0413,1428,group_49,group_32,group_01
aves_aa_4R_auth_0413,1431,group_49,group_32,group_01
aves_aa_4R_auth_0413,1440,group_49,group_32,group_01
aves_aa_4R_auth_0413,1443,group_49,group_32,group_01
aves_aa_4R_auth_0413,1446,group_49,group_32,group_01
aves_aa_4R_auth_0413,1444,group_50,group_74,group_32
aves_aa_4R_auth_0412,1428,group_49,group_29,group_01
aves_aa_4R_auth_0412,1436,group_49,group_29,group_01
aves_aa_4R_auth_0412,1444,group_49,group_29,group_01
aves_aa_4R_auth_0412,1452,group_49,group_29,group_01
aves_aa_4R_auth_0412,1456,group_49,group_29,group_01
aves_aa_4R_auth_0412,1457,group_49,group_29,group_01
aves_aa_4R_auth_0412,1444,group_50,group_65,group_29
aves_aa_4R_auth_0411,1428,group_49,group_28,group_01
aves_aa_4R_auth_0411,1444,group_50,,group_28
aves_aa_4R_auth_0408,1428,group_49,group_23,group_01
aves_aa_4R_auth_0408,1449,group_49,group_23,group_01
aves_aa_4R_auth_0408,1444,group_50,group_45,group_23
aves_aa_4R_auth_0407,1428,group_49,group_22,group_01
aves_aa_4R_auth_0407,1444,group_50,group_38,group_22
aves_aa_4R_auth_0399,1428,group_49,group_10,group_01
aves_aa_4R_auth_0399,1442,group_49,group_10,group_01
aves_aa_4R_auth_0399,1444,group_50,,group_10
aves_aa_4R_auth_0398,1428,group_49,group_09,group_01
aves_aa_4R_auth_0398,1444,group_50,,group_09
aves_aa_4R_auth_0387,1427,group_49,group_11,group_01
aves_aa_4R_auth_0387,1434,group_49,group_11,group_01
aves_aa_4R_auth_0387,1444,group_50,group_40,group_11
aves_aa_4R_auth_0384,1427,group_49,group_07,group_01
aves_aa_4R_auth_0384,1437,group_49,group_07,group_01
aves_aa_4R_auth_0384,1445,group_49,group_07,group_01
aves_aa_4R_auth_0384,1447,group_49,group_07,group_01
aves_aa_4R_auth_0384,1462,group_49,group_07,group_01
aves_aa_4R_auth_0384,1463,group_49,group_07,group_01
aves_aa_4R_auth_0384,1444,group_50,group_46,group_07
aves_aa_4R_auth_0383,1427,group_49,group_05,group_01
aves_aa_4R_auth_0383,1444,group_50,group_44,group_05
aves_aa_4R_auth_0377,1426,group_49,group_18,group_01
aves_aa_4R_auth_0377,1428,group_49,group_18,group_01
aves_aa_4R_auth_0377,1430,group_49,group_18,group_01
aves_aa_4R_auth_0377,1444,group_50,group_65,group_29
aves_aa_4R_auth_0373,1425,group_49,group_32,group_01
aves_aa_4R_auth_0373,1434,group_49,group_32,group_01
aves_aa_4R_auth_0373,1444,group_50,group_74,group_32
aves_aa_4R_auth_0369,1425,group_49,group_24,group_01
aves_aa_4R_auth_0369,1444,group_50,group_63,group_24
aves_aa_4R_auth_0365,1425,group_49,group_15,group_01
aves_aa_4R_auth_0365,1436,group_49,group_15,group_01
aves_aa_4R_auth_0365,1441,group_49,group_15,group_01
aves_aa_4R_auth_0365,1444,group_50,group_39,group_15
aves_aa_4R_auth_0364,1425,group_49,group_14,group_01
aves_aa_4R_auth_0364,1434,group_49,group_14,group_01
aves_aa_4R_auth_0364,1439,group_49,group_14,group_01
aves_aa_4R_auth_0364,1445,group_49,group_14,group_01
aves_aa_4R_auth_0364,1450,group_49,group_14,group_01
aves_aa_4R_auth_0364,1453,group_49,group_14,group_01
aves_aa_4R_auth_0364,1444,group_50,,group_14
aves_aa_4R_auth_0361,1425,group_49,group_05,group_01
aves_aa_4R_auth_0361,1428,group_48,,group_01
aves_aa_4R_auth_0361,1430,group_49,group_05,group_01
aves_aa_4R_auth_0361,1434,group_49,group_05,group_01
aves_aa_4R_auth_0361,1436,group_49,group_05,group_01
aves_aa_4R_auth_0361,1438,group_49,group_05,group_01
aves_aa_4R_auth_0361,1440,group_49,group_05,group_01
aves_aa_4R_auth_0361,1442,group_49,group_05,group_01
aves_aa_4R_auth_0361,1444,group_49,group_05,group_01
aves_aa_4R_auth_0361,1445,group_48,,group_01
aves_aa_4R_auth_0361,1444,group_50,group_44,group_05
aves_aa_4R_auth_0360,1425,group_48,,group_01
aves_aa_4R_auth_0360,1426,group_49,group_15,group_01
aves_aa_4R_auth_0360,1427,group_49,group_15,group_01
aves_aa_4R_auth_0360,1453,group_49,group_15,group_01
aves_aa_4R_auth_0360,1462,group_48,,group_01
aves_aa_4R_auth_0360,1464,group_49,group_15,group_01
aves_aa_4R_auth_0360,1465,group_49,group_15,group_01
aves_aa_4R_auth_0360,1468,group_48,,group_01
aves_aa_4R_auth_0360,1444,group_50,group_39,group_15
aves_aa_4R_auth_0358,1424,group_49,group_21,group_01
aves_aa_4R_auth_0358,1429,group_49,group_21,group_01
aves_aa_4R_auth_0358,1441,group_49,group_21,group_01
aves_aa_4R_auth_0358,1444,group_50,,group_21
aves_aa_4R_auth_0353,1424,group_49,group_16,group_01
aves_aa_4R_auth_0353,1428,group_49,group_16,group_01
aves_aa_4R_auth_0353,1436,group_49,group_16,group_01
aves_aa_4R_auth_0353,1444,group_49,group_16,group_01
aves_aa_4R_auth_0353,1444,group_50,,group_16
aves_aa_4R_auth_0352,1424,group_49,group_15,group_01
aves_aa_4R_auth_0352,1428,group_49,group_15,group_01
aves_aa_4R_auth_0352,1432,group_48,,group_01
aves_aa_4R_auth_0352,1435,group_49,group_15,group_01
aves_aa_4R_auth_0352,1437,group_49,group_15,group_01
aves_aa_4R_auth_0352,1438,group_48,,group_01
aves_aa_4R_auth_0352,1440,group_49,group_15,group_01
aves_aa_4R_auth_0352,1442,group_49,group_15,group_01
aves_aa_4R_auth_0352,1444,group_48,,group_01
aves_aa_4R_auth_0352,1446,group_49,group_15,group_01
aves_aa_4R_auth_0352,1448,group_49,group_15,group_01
aves_aa_4R_auth_0352,1450,group_48,,group_01
aves_aa_4R_auth_0352,1452,group_49,group_15,group_01
aves_aa_4R_auth_0352,1454,group_49,group_15,group_01
aves_aa_4R_auth_0352,1456,group_48,,group_01
aves_aa_4R_auth_0352,1458,group_49,group_15,group_01
aves_aa_4R_auth_0352,1459,group_49,group_15,group_01
aves_aa_4R_auth_0352,1444,group_50,group_39,group_15
aves_aa_4R_auth_0351,1424,group_49,group_14,group_01
aves_aa_4R_auth_0351,1426,group_49,group_14,group_01
aves_aa_4R_auth_0351,1431,group_49,group_14,group_01
aves_aa_4R_auth_0351,1444,group_50,,group_14
aves_aa_4R_auth_0350,1424,group_49,group_13,group_01
aves_aa_4R_auth_0350,1431,group_49,group_13,group_01
aves_aa_4R_auth_0350,1444,group_50,,group_13
aves_aa_4R_auth_0349,1424,group_49,group_09,group_01
aves_aa_4R_auth_0349,1430,group_49,group_09,group_01
aves_aa_4R_auth_0349,1433,group_49,group_09,group_01
aves_aa_4R_auth_0349,1436,group_48,,group_01
aves_aa_4R_auth_0349,1438,group_49,group_09,group_01
aves_aa_4R_auth_0349,1440,group_49,group_09,group_01
aves_aa_4R_auth_0349,1442,group_49,group_09,group_01
aves_aa_4R_auth_0349,1444,group_49,group_09,group_01
aves_aa_4R_auth_0349,1446,group_49,group_09,group_01
aves_aa_4R_auth_0349,1447,group_48,,group_01
aves_aa_4R_auth_0349,1449,group_49,group_09,group_01
aves_aa_4R_auth_0349,1451,group_49,group_09,group_01
aves_aa_4R_auth_0349,1453,group_49,group_09,group_01
aves_aa_4R_auth_0349,1455,group_48,,group_01
aves_aa_4R_auth_0349,1444,group_50,,group_09
aves_aa_4R_auth_0348,1424,group_49,group_06,group_01
aves_aa_4R_auth_0348,1430,group_49,group_06,group_01
aves_aa_4R_auth_0348,1434,group_49,group_06,group_01
aves_aa_4R_auth_0348,1437,group_49,group_06,group_01
aves_aa_4R_auth_0348,1441,group_49,group_06,group_01
aves_aa_4R_auth_0348,1444,group_49,group_06,group_01
aves_aa_4R_auth_0348,1448,group_49,group_06,group_01
aves_aa_4R_auth_0348,1451,group_49,group_06,group_01
aves_aa_4R_auth_0348,1458,group_49,group_06,group_01
aves_aa_4R_auth_0348,1459,group_49,group_06,group_01
aves_aa_4R_auth_0348,1462,group_49,group_06,group_01
aves_aa_4R_auth_0348,1463,group_49,group_06,group_01
aves_aa_4R_auth_0348,1466,group_49,group_06,group_01
aves_aa_4R_auth_0348,1444,group_50,,group_06
aves_aa_4R_auth_0344,1423,group_49,group_20,group_01
aves_aa_4R_auth_0344,1443,group_49,group_20,group_01
aves_aa_4R_auth_0344,1445,group_49,group_20,group_01
aves_aa_4R_auth_0344,1444,group_50,group_71,group_20
aves_aa_4R_auth_0341,1423,group_49,group_15,group_01
aves_aa_4R_auth_0341,1433,group_49,group_15,group_01
aves_aa_4R_auth_0341,1438,group_49,group_15,group_01
aves_aa_4R_auth_0341,1444,group_50,group_39,group_15
aves_aa_4R_auth_0335,1422,group_49,group_28,group_01
aves_aa_4R_auth_0335,1430,group_49,group_28,group_01
aves_aa_4R_auth_0335,1444,group_50,,group_28
aves_aa_4R_auth_0334,1422,group_49,group_25,group_01
aves_aa_4R_auth_0334,1423,group_49,group_25,group_01
aves_aa_4R_auth_0334,1429,group_49,group_25,group_01
aves_aa_4R_auth_0334,1433,group_49,group_25,group_01
aves_aa_4R_auth_0334,1436,group_49,group_25,group_01
aves_aa_4R_auth_0334,1437,group_48,,group_01
aves_aa_4R_auth_0334,1439,group_49,group_25,group_01
aves_aa_4R_auth_0334,1441,group_49,group_25,group_01
aves_aa_4R_auth_0334,1443,group_48,,group_01
aves_aa_4R_auth_0334,1445,group_49,group_25,group_01
aves_aa_4R_auth_0334,1447,group_49,group_25,group_01
aves_aa_4R_auth_0334,1449,group_48,,group_01
aves_aa_4R_auth_0334,1444,group_50,,group_25
aves_aa_4R_auth_0332,1422,group_49,group_19,group_01
aves_aa_4R_auth_0332,1425,group_49,group_19,group_01
aves_aa_4R_auth_0332,1439,group_49,group_19,group_01
aves_aa_4R_auth_0332,1444,group_49,group_19,group_01
aves_aa_4R_auth_0332,1444,group_50,,group_19
aves_aa_4R_auth_0329,1422,group_49,group_13,group_01
aves_aa_4R_auth_0329,1444,group_50,,group_13
aves_aa_4R_auth_0327,1422,group_49,group_10,group_01
aves_aa_4R_auth_0327,1431,group_49,group_10,group_01
aves_aa_4R_auth_0327,1436,group_49,group_10,group_01
aves_aa_4R_auth_0327,1439,group_49,group_10,group_01
aves_aa_4R_auth_0327,1444,group_49,group_10,group_01
aves_aa_4R_auth_0327,1449,group_49,group_10,group_01
aves_aa_4R_auth_0327,1456,group_49,group_10,group_01
aves_aa_4R_auth_0327,1444,group_50,,group_10
aves_aa_4R_auth_0325,1421,group_49,group_31,group_01
aves_aa_4R_auth_0325,1444,group_49,group_31,group_01
aves_aa_4R_auth_0325,1447,group_49,group_31,group_01
aves_aa_4R_auth_0325,1444,group_50,,group_31
aves_aa_4R_auth_0320,1421,group_49,group_25,group_01
aves_aa_4R_auth_0320,1444,group_50,,group_25
aves_aa_4R_auth_0317,1421,group_49,group_21,group_01
aves_aa_4R_auth_0317,1444,group_50,,group_21
aves_aa_4R_auth_0315,1421,group_49,group_19,group_01
aves_aa_4R_auth_0315,1433,group_49,group_19,group_01
aves_aa_4R_auth_0315,1441,group_49,group_19,group_01
aves_aa_4R_auth_0315,1444,group_50,,group_19
aves_aa_4R_auth_0314,1421,group_49,group_17,group_01
aves_aa_4R_auth_0314,1423,group_49,group_17,group_01
aves_aa_4R_auth_0314,1431,group_49,group_17,group_01
aves_aa_4R_auth_0314,1433,group_49,group_17,group_01
aves_aa_4R_auth_0314,1436,group_49,group_17,group_01
aves_aa_4R_auth_0314,1439,group_49,group_17,group_01
aves_aa_4R_auth_0314,1443,group_49,group_17,group_01
aves_aa_4R_auth_0314,1446,group_49,group_17,group_01
aves_aa_4R_auth_0314,1450,group_49,group_17,group_01
aves_aa_4R_auth_0314,1444,group_50,,group_17
aves_aa_4R_auth_0312,1421,group_49,group_14,group_01
aves_aa_4R_auth_0312,1433,group_49,group_14,group_01
aves_aa_4R_auth_0312,1441,group_49,group_14,group_01
aves_aa_4R_auth_0312,1447,group_49,group_14,group_01
aves_aa_4R_auth_0312,1444,group_50,,group_14
aves_aa_4R_auth_0311,1421,group_49,group_13,group_01
aves_aa_4R_auth_0311,1425,group_49,group_13,group_01
aves_aa_4R_auth_0311,1435,group_49,group_13,group_01
aves_aa_4R_auth_0311,1437,group_49,group_13,group_01
aves_aa_4R_auth_0311,1440,group_49,group_13,group_01
aves_aa_4R_auth_0311,1442,group_49,group_13,group_01
aves_aa_4R_auth_0311,1446,group_49,group_13,group_01
aves_aa_4R_auth_0311,1450,group_49,group_13,group_01
aves_aa_4R_auth_0311,1454,group_49,group_13,group_01
aves_aa_4R_auth_0311,1444,group_50,,group_13
aves_aa_4R_auth_0309,1421,group_49,group_07,group_01
aves_aa_4R_auth_0309,1435,group_49,group_07,group_01
aves_aa_4R_auth_0309,1438,group_49,group_07,group_01
aves_aa_4R_auth_0309,1444,group_50,group_46,group_07
aves_aa_4R_auth_0305,1420,group_49,group_28,group_01
aves_aa_4R_auth_0305,1434,group_49,group_28,group_01
aves_aa_4R_auth_0305,1441,group_49,group_28,group_01
aves_aa_4R_auth_0305,1445,group_49,group_28,group_01
aves_aa_4R_auth_0305,1444,group_50,,group_28
aves_aa_4R_auth_0268,1417,group_49,group_11,group_01
aves_aa_4R_auth_0268,1420,group_49,group_11,group_01
aves_aa_4R_auth_0268,1426,group_49,group_11,group_01
aves_aa_4R_auth_0268,1429,group_49,group_11,group_01
aves_aa_4R_auth_0268,1431,group_49,group_11,group_01
aves_aa_4R_auth_0268,1433,group_48,,group_01
aves_aa_4R_auth_0268,1435,group_49,group_11,group_01
aves_aa_4R_auth_0268,1437,group_49,group_11,group_01
aves_aa_4R_auth_0268,1439,group_49,group_11,group_01
aves_aa_4R_auth_0268,1441,group_49,group_11,group_01
aves_aa_4R_auth_0268,1443,group_49,group_11,group_01
aves_aa_4R_auth_0268,1444,group_50,group_40,group_11
aves_aa_4R_auth_0262,1416,group_49,group_24,group_01
aves_aa_4R_auth_0262,1428,group_49,group_24,group_01
aves_aa_4R_auth_0262,1448,group_49,group_24,group_01
aves_aa_4R_auth_0262,1450,group_49,group_24,group_01
aves_aa_4R_auth_0262,1444,group_50,group_64,group_24
aves_aa_4R_auth_0261,1416,group_49,group_22,group_01
aves_aa_4R_auth_0261,1424,group_49,group_22,group_01
aves_aa_4R_auth_0261,1429,group_49,group_22,group_01
aves_aa_4R_auth_0261,1436,group_49,group_22,group_01
aves_aa_4R_auth_0261,1444,group_49,group_22,group_01
aves_aa_4R_auth_0261,1449,group_49,group_22,group_01
aves_aa_4R_auth_0261,1453,group_49,group_22,group_01
aves_aa_4R_auth_0261,1458,group_49,group_22,group_01
aves_aa_4R_auth_0261,1459,group_49,group_22,group_01
aves_aa_4R_auth_0261,1466,group_49,group_22,group_01
aves_aa_4R_auth_0261,1467,group_49,group_22,group_01
aves_aa_4R_auth_0261,1472,group_49,group_22,group_01
aves_aa_4R_auth_0261,1473,group_49,group_22,group_01
aves_aa_4R_auth_0261,1444,group_50,group_38,group_22
aves_aa_4R_auth_0256,1416,group_49,group_14,group_01
aves_aa_4R_auth_0256,1443,group_49,group_14,group_01
aves_aa_4R_auth_0256,1444,group_50,,group_14
aves_aa_4R_auth_0254,1416,group_49,group_08,group_01
aves_aa_4R_auth_0254,1420,group_49,group_08,group_01
aves_aa_4R_auth_0254,1427,group_49,group_08,group_01
aves_aa_4R_auth_0254,1440,group_49,group_08,group_01
aves_aa_4R_auth_0254,1444,group_50,,group_08
aves_aa_4R_auth_0253,1416,group_49,group_09,group_01
aves_aa_4R_auth_0253,1425,group_49,group_09,group_01
aves_aa_4R_auth_0253,1431,group_49,group_09,group_01
aves_aa_4R_auth_0253,1439,group_49,group_09,group_01
aves_aa_4R_auth_0253,1445,group_49,group_09,group_01
aves_aa_4R_auth_0253,1448,group_49,group_09,group_01
aves_aa_4R_auth_0253,1444,group_50,,group_09
aves_aa_4R_auth_0245,1415,group_49,group_19,group_01
aves_aa_4R_auth_0245,1429,group_49,group_19,group_01
aves_aa_4R_auth_0245,1436,group_49,group_19,group_01
aves_aa_4R_auth_0245,1442,group_49,group_19,group_01
aves_aa_4R_auth_0245,1449,group_49,group_19,group_01
aves_aa_4R_auth_0245,1444,group_50,,group_19
aves_aa_4R_auth_0238,1415,group_48,,group_01
aves_aa_4R_auth_0238,1417,group_49,group_07,group_01
aves_aa_4R_auth_0238,1419,group_49,group_07,group_01
aves_aa_4R_auth_0238,1421,group_48,,group_01
aves_aa_4R_auth_0238,1422,group_49,group_07,group_01
aves_aa_4R_auth_0238,1424,group_49,group_07,group_01
aves_aa_4R_auth_0238,1426,group_49,group_07,group_01
aves_aa_4R_auth_0238,1428,group_49,group_07,group_01
aves_aa_4R_auth_0238,1430,group_49,group_07,group_01
aves_aa_4R_auth_0238,1433,group_49,group_07,group_01
aves_aa_4R_auth_0238,1436,group_49,group_07,group_01
aves_aa_4R_auth_0238,1444,group_50,group_46,group_07
aves_aa_4R_auth_0225,1414,group_49,group_05,group_01
aves_aa_4R_auth_0225,1437,group_49,group_05,group_01
aves_aa_4R_auth_0225,1444,group_50,group_44,group_05
aves_aa_4R_auth_0224,1413,group_49,group_32,group_01
aves_aa_4R_auth_0224,1444,group_50,group_68,group_32
aves_aa_4R_auth_0222,1413,group_49,group_25,group_01
aves_aa_4R_auth_0222,1418,group_49,group_25,group_01
aves_aa_4R_auth_0222,1430,group_49,group_25,group_01
aves_aa_4R_auth_0222,1434,group_49,group_25,group_01
aves_aa_4R_auth_0222,1440,group_49,group_25,group_01
aves_aa_4R_auth_0222,1446,group_49,group_25,group_01
aves_aa_4R_auth_0222,1444,group_50,,group_25
aves_aa_4R_auth_0208,1412,group_49,group_20,group_01
aves_aa_4R_auth_0208,1426,group_49,group_20,group_01
aves_aa_4R_auth_0208,1434,group_49,group_20,group_01
aves_aa_4R_auth_0208,1444,group_50,group_72,group_20
aves_aa_4R_auth_0193,1411,group_49,group_21,group_01
aves_aa_4R_auth_0193,1417,group_49,group_21,group_01
aves_aa_4R_auth_0193,1422,group_49,group_21,group_01
aves_aa_4R_auth_0193,1426,group_49,group_21,group_01
aves_aa_4R_auth_0193,1434,group_49,group_21,group_01
aves_aa_4R_auth_0193,1438,group_49,group_21,group_01
aves_aa_4R_auth_0193,1442,group_49,group_21,group_01
aves_aa_4R_auth_0193,1444,group_50,,group_21
aves_aa_4R_auth_0188,1411,group_49,group_13,group_01
aves_aa_4R_auth_0188,1417,group_49,group_13,group_01
aves_aa_4R_auth_0188,1426,group_49,group_13,group_01
aves_aa_4R_auth_0188,1429,group_49,group_13,group_01
aves_aa_4R_auth_0188,1433,group_49,group_13,group_01
aves_aa_4R_auth_0188,1436,group_49,group_13,group_01
aves_aa_4R_auth_0188,1438,group_49,group_13,group_01
aves_aa_4R_auth_0188,1444,group_50,,group_13
aves_aa_4R_auth_0179,1410,group_49,group_26,group_01
aves_aa_4R_auth_0179,1424,group_49,group_26,group_01
aves_aa_4R_auth_0179,1428,group_49,group_26,group_01
aves_aa_4R_auth_0179,1431,group_49,group_26,group_01
aves_aa_4R_auth_0179,1437,group_49,group_26,group_01
aves_aa_4R_auth_0179,1442,group_49,group_26,group_01
aves_aa_4R_auth_0179,1444,group_50,,group_26
aves_aa_4R_auth_0173,1410,group_49,group_15,group_01
aves_aa_4R_auth_0173,1417,group_49,group_15,group_01
aves_aa_4R_auth_0173,1429,group_49,group_15,group_01
aves_aa_4R_auth_0173,1434,group_49,group_15,group_01
aves_aa_4R_auth_0173,1444,group_50,group_39,group_15
aves_aa_4R_auth_0157,1408,group_49,group_24,group_01
aves_aa_4R_auth_0157,1412,group_49,group_24,group_01
aves_aa_4R_auth_0157,1420,group_49,group_24,group_01
aves_aa_4R_auth_0157,1444,group_49,group_24,group_01
aves_aa_4R_auth_0157,1444,group_50,group_64,group_24
aves_aa_4R_auth_0152,1408,group_49,group_14,group_01
aves_aa_4R_auth_0152,1412,group_49,group_14,group_01
aves_aa_4R_auth_0152,1422,group_49,group_14,group_01
aves_aa_4R_auth_0152,1429,group_49,group_14,group_01
aves_aa_4R_auth_0152,1442,group_49,group_14,group_01
aves_aa_4R_auth_0152,1446,group_49,group_14,group_01
aves_aa_4R_auth_0152,1444,group_50,,group_14
aves_aa_4R_auth_0141,1406,group_49,group_16,group_01
aves_aa_4R_auth_0141,1412,group_49,group_16,group_01
aves_aa_4R_auth_0141,1421,group_49,group_16,group_01
aves_aa_4R_auth_0141,1444,group_50,,group_16
aves_aa_4R_auth_0136,1406,group_49,group_08,group_01
aves_aa_4R_auth_0136,1409,group_49,group_08,group_01
aves_aa_4R_auth_0136,1412,group_49,group_08,group_01
aves_aa_4R_auth_0136,1418,group_49,group_08,group_01
aves_aa_4R_auth_0136,1423,group_48,,group_01
aves_aa_4R_auth_0136,1424,group_49,group_08,group_01
aves_aa_4R_auth_0136,1426,group_49,group_08,group_01
aves_aa_4R_auth_0136,1428,group_49,group_08,group_01
aves_aa_4R_auth_0136,1430,group_48,,group_01
aves_aa_4R_auth_0136,1434,group_49,group_08,group_01
aves_aa_4R_auth_0136,1437,group_49,group_08,group_01
aves_aa_4R_auth_0136,1439,group_49,group_08,group_01
aves_aa_4R_auth_0136,1440,group_48,,group_01
aves_aa_4R_auth_0136,1442,group_49,group_08,group_01
aves_aa_4R_auth_0136,1444,group_49,group_08,group_01
aves_aa_4R_auth_0136,1446,group_48,,group_01
aves_aa_4R_auth_0136,1444,group_50,,group_08
aves_aa_4R_auth_0134,1406,group_49,group_05,group_01
aves_aa_4R_auth_0134,1410,group_49,group_05,group_01
aves_aa_4R_auth_0134,1431,group_49,group_05,group_01
aves_aa_4R_auth_0134,1444,group_50,group_44,group_05
aves_aa_4R_auth_0130,1405,group_49,group_23,group_01
aves_aa_4R_auth_0130,1408,group_49,group_23,group_01
aves_aa_4R_auth_0130,1412,group_49,group_23,group_01
aves_aa_4R_auth_0130,1421,group_49,group_23,group_01
aves_aa_4R_auth_0130,1426,group_49,group_23,group_01
aves_aa_4R_auth_0130,1435,group_49,group_23,group_01
aves_aa_4R_auth_0130,1444,group_49,group_23,group_01
aves_aa_4R_auth_0130,1444,group_50,group_45,group_23
aves_aa_4R_auth_0112,1404,group_49,group_19,group_01
aves_aa_4R_auth_0112,1410,group_49,group_19,group_01
aves_aa_4R_auth_0112,1414,group_49,group_19,group_01
aves_aa_4R_auth_0112,1417,group_49,group_19,group_01
aves_aa_4R_auth_0112,1420,group_49,group_19,group_01
aves_aa_4R_auth_0112,1423,group_49,group_19,group_01
aves_aa_4R_auth_0112,1431,group_49,group_19,group_01
aves_aa_4R_auth_0112,1434,group_49,group_19,group_01
aves_aa_4R_auth_0112,1444,group_50,,group_19
aves_aa_4R_auth_0081,1403,group_49,group_06,group_01
aves_aa_4R_auth_0081,1410,group_49,group_06,group_01
aves_aa_4R_auth_0081,1413,group_49,group_06,group_01
aves_aa_4R_auth_0081,1422,group_49,group_06,group_01
aves_aa_4R_auth_0081,1424,group_48,,group_01
aves_aa_4R_auth_0081,1425,group_49,group_06,group_01
aves_aa_4R_auth_0081,1427,group_49,group_06,group_01
aves_aa_4R_auth_0081,1429,group_49,group_06,group_01
aves_aa_4R_auth_0081,1431,group_49,group_06,group_01
aves_aa_4R_auth_0081,1433,group_49,group_06,group_01
aves_aa_4R_auth_0081,1434,group_48,,group_01
aves_aa_4R_auth_0081,1436,group_49,group_06,group_01
aves_aa_4R_auth_0081,1438,group_49,group_06,group_01
aves_aa_4R_auth_0081,1440,group_49,group_06,group_01
aves_aa_4R_auth_0081,1441,group_48,,group_01
aves_aa_4R_auth_0081,1443,group_49,group_06,group_01
aves_aa_4R_auth_0081,1445,group_49,group_06,group_01
aves_aa_4R_auth_0081,1447,group_49,group_06,group_01
aves_aa_4R_auth_0081,1444,group_50,,group_06
aves_aa_4R_auth_0075,1402,group_49,group_27,group_01
aves_aa_4R_auth_0075,1409,group_49,group_27,group_01
aves_aa_4R_auth_0075,1412,group_49,group_27,group_01
aves_aa_4R_auth_0075,1422,group_49,group_27,group_01
aves_aa_4R_auth_0075,1434,group_49,group_27,group_01
aves_aa_4R_auth_0075,1444,group_50,,group_27
