Source,Target,nature_lien,label
aves_aa_4R_auth_0001,1400,ammeister,"metziger, wilhelm"
aves_aa_4R_auth_0002,1400,conseiller_des_marchands,"colmar, von, hannemann"
aves_aa_4R_auth_0003,1400,conseiller_des_boulangers,"gerung, "
aves_aa_4R_auth_0004,1400,conseiller_des_bouchers,"rotschilt, wilhelm"
aves_aa_4R_auth_0005,1400,conseiller_des_drapiers,"spielmann, claus"
aves_aa_4R_auth_0006,1400,conseiller_des_tonneliers,"schott, claus"
aves_aa_4R_auth_0007,1400,conseiller_des_tanneurs,"issenhausen, ulrich"
aves_aa_4R_auth_0008,1400,conseiller_des_cabaretiers,", sigel"
aves_aa_4R_auth_0009,1400,conseiller_des_maçons,"kindelin, erhart"
aves_aa_4R_auth_0010,1400,conseiller_des_forgerons,", andres"
aves_aa_4R_auth_0011,1400,conseiller_des_tailleurs,"gumbrecht, von, diebolt"
aves_aa_4R_auth_0012,1400,conseiller_des_bateliers,"boppe, küntz"
aves_aa_4R_auth_0013,1400,conseiller_des_charpentiers,"tummeler, dietrich"
aves_aa_4R_auth_0014,1400,conseiller_des_pelletiers,"westermann, johanns"
aves_aa_4R_auth_0015,1400,conseiller_des_crieurs_et_mesureurs_de_vin,"heischer, lienhart"
aves_aa_4R_auth_0016,1400,conseiller_des_cordonniers,"laubeck, johanns"
aves_aa_4R_auth_0017,1400,conseiller_des_orfevres,"honau, peter"
aves_aa_4R_auth_0018,1400,conseiller_des_marchands_de_grains,"hühnerer, ulrich"
aves_aa_4R_auth_0019,1400,conseiller_des_jardiniers,"nattener, andres"
aves_aa_4R_auth_0020,1400,conseiller_des_pêcheurs,"schwicker, johanns"
aves_aa_4R_auth_0021,1400,conseiller_des_barbiers_et_baigneurs,", heintz"
aves_aa_4R_auth_0022,1400,conseiller_des_sauniers,"gosse, ulrich"
aves_aa_4R_auth_0023,1400,conseiller_des_tisserands,"ingenheim, von, claus"
aves_aa_4R_auth_0024,1400,conseiller_des_gourmets_et_courtiers,"diether, johanns"
aves_aa_4R_auth_0025,1400,conseiller_des_charrons,"dingsheim, claus"
aves_aa_4R_auth_0026,1400,conseiller_des_regrattiers_cordiers_et_fruitiers,"hagenau, von, peter"
aves_aa_4R_auth_0027,1400,conseiller_des_coltineurs_de_tonneaux,"stachel, küntz"
aves_aa_4R_auth_0028,1400,conseiller_des_constructeurs_de_bateaux,"klige, hug"
aves_aa_4R_auth_0029,1400,conseiller_des_huiliers_meuniers_et_tondeurs_de_draps,"rhinau, walther"
aves_aa_4R_auth_0030,1401,ammeister,"sünner, peter"
aves_aa_4R_auth_0031,1401,conseiller_des_marchands,"barpfennig, ruhlemann"
aves_aa_4R_auth_0032,1401,conseiller_des_boulangers,", johanns"
aves_aa_4R_auth_0033,1401,conseiller_des_bouchers,"berse, von, wilhelm"
aves_aa_4R_auth_0034,1401,conseiller_des_drapiers,"herbst, johanns"
aves_aa_4R_auth_0035,1401,conseiller_des_tonneliers,"langneffe, johanns"
aves_aa_4R_auth_0036,1401,conseiller_des_tanneurs,"hanseler, johanns"
aves_aa_4R_auth_0037,1401,conseiller_des_cabaretiers,"kranich, heinrich"
aves_aa_4R_auth_0038,1401,conseiller_des_maçons,"gans, johanns"
aves_aa_4R_auth_0039,1401,conseiller_des_forgerons,"trüchtersheim, von, eberhart"
aves_aa_4R_auth_0040,1401,conseiller_des_tailleurs,", heilmann"
aves_aa_4R_auth_0041,1401,conseiller_des_bateliers,"nellesheim, johanns"
aves_aa_4R_auth_0042,1401,conseiller_des_charpentiers,"seelose, heintz"
aves_aa_4R_auth_0043,1401,conseiller_des_pelletiers,"münch, ottemann"
aves_aa_4R_auth_0044,1401,conseiller_des_crieurs_et_mesureurs_de_vin,"beildeck, fritsch"
aves_aa_4R_auth_0045,1401,conseiller_des_cordonniers,", christian"
aves_aa_4R_auth_0046,1401,conseiller_des_orfevres,"henneckin, claus"
aves_aa_4R_auth_0047,1401,conseiller_des_marchands_de_grains,"rhinau, andres"
aves_aa_4R_auth_0048,1401,conseiller_des_jardiniers,"stacheler, johanns"
aves_aa_4R_auth_0049,1401,conseiller_des_pêcheurs,", stoffelus"
aves_aa_4R_auth_0050,1401,conseiller_des_barbiers_et_baigneurs,"pfennigmann, johanns"
aves_aa_4R_auth_0051,1401,conseiller_des_sauniers,"saltzmütter, johanns"
aves_aa_4R_auth_0052,1401,conseiller_des_tisserands,"dolde, johanns"
aves_aa_4R_auth_0053,1401,conseiller_des_gourmets_et_courtiers,"schrotbanck, walther"
aves_aa_4R_auth_0054,1401,conseiller_des_charrons,"wigang, "
aves_aa_4R_auth_0055,1401,conseiller_des_regrattiers_cordiers_et_fruitiers,"kleinhanns, diethmar"
aves_aa_4R_auth_0056,1401,conseiller_des_coltineurs_de_tonneaux,"kornbick, claus"
aves_aa_4R_auth_0057,1401,conseiller_des_constructeurs_de_bateaux,"bobst, lienhart"
aves_aa_4R_auth_0058,1401,conseiller_des_huiliers_meuniers_et_tondeurs_de_draps,"ölmann, walther"
aves_aa_4R_auth_0001,1402,conseiller_des_bouchers,"metziger, wilhelm"
aves_aa_4R_auth_0014,1402,conseiller_des_pelletiers,"westermann, johanns"
aves_aa_4R_auth_0015,1402,conseiller_des_crieurs_et_mesureurs_de_vin,"heischer, lienhart"
aves_aa_4R_auth_0022,1402,ammeister,"gosse, ulrich"
aves_aa_4R_auth_0029,1402,conseiller_des_huiliers_meuniers_et_tondeurs_de_draps,"rhinau, walther"
aves_aa_4R_auth_0037,1402,conseiller_des_cabaretiers,"kranich, heinrich"
aves_aa_4R_auth_0041,1402,conseiller_des_bateliers,"nellesheim, johanns"
aves_aa_4R_auth_0059,1402,conseiller_des_marchands,"barpfennig, johanns"
aves_aa_4R_auth_0060,1402,conseiller_des_boulangers,", küntz"
aves_aa_4R_auth_0061,1402,conseiller_des_drapiers,"färber, johanns"
aves_aa_4R_auth_0062,1402,conseiller_des_tonneliers,"heinrich, johanns"
aves_aa_4R_auth_0063,1402,conseiller_des_tanneurs,"stumpf, heintz"
aves_aa_4R_auth_0064,1402,conseiller_des_maçons,"bergheim, johanns"
aves_aa_4R_auth_0065,1402,conseiller_des_forgerons,"sporer, stefan"
aves_aa_4R_auth_0066,1402,conseiller_des_tailleurs,"schön, heintz"
aves_aa_4R_auth_0067,1402,conseiller_des_charpentiers,", obrecht"
aves_aa_4R_auth_0068,1402,conseiller_des_cordonniers,"schultheiss, küntz"
aves_aa_4R_auth_0069,1402,conseiller_des_orfevres,"klammann, andres"
aves_aa_4R_auth_0070,1402,conseiller_des_marchands_de_grains,"rickersheim, küntz"
aves_aa_4R_auth_0071,1402,conseiller_des_jardiniers,"bock, johanns"
aves_aa_4R_auth_0072,1402,conseiller_des_pêcheurs,"lamb, hensel"
aves_aa_4R_auth_0073,1402,conseiller_des_barbiers_et_baigneurs,"obrecht, johanns"
aves_aa_4R_auth_0074,1402,conseiller_des_sauniers,"schmied, lienhart"
aves_aa_4R_auth_0075,1402,conseiller_des_tisserands,"ingenheim, claus"
aves_aa_4R_auth_0076,1402,conseiller_des_gourmets_et_courtiers,"schenck, johanns"
aves_aa_4R_auth_0077,1402,conseiller_des_charrons,"steck, johanns"
aves_aa_4R_auth_0078,1402,conseiller_des_regrattiers_cordiers_et_fruitiers,"steingewerck, claus"
aves_aa_4R_auth_0079,1402,conseiller_des_coltineurs_de_tonneaux,"mörlin, johanns"
aves_aa_4R_auth_0080,1402,conseiller_des_constructeurs_de_bateaux,"altheim, claus"
aves_aa_4R_auth_0025,1403,conseiller_des_charrons,"dingsheim, claus"
aves_aa_4R_auth_0027,1403,conseiller_des_coltineurs_de_tonneaux,"stachel, küntz"
aves_aa_4R_auth_0030,1403,conseiller_des_bateliers,"sünner, peter"
aves_aa_4R_auth_0031,1403,conseiller_des_marchands,"barpfennig, ruhlemann"
aves_aa_4R_auth_0043,1403,conseiller_des_pelletiers,"münch, ottemann"
aves_aa_4R_auth_0058,1403,conseiller_des_huiliers_meuniers_et_tondeurs_de_draps,"ölmann, walther"
aves_aa_4R_auth_0081,1403,ammeister,"heilmann, johanns"
aves_aa_4R_auth_0082,1403,conseiller_des_boulangers,"geispoltzheim, von, jacob"
aves_aa_4R_auth_0083,1403,conseiller_des_bouchers,"müseler, peter"
aves_aa_4R_auth_0084,1403,conseiller_des_drapiers,"armbruster, obrecht"
aves_aa_4R_auth_0085,1403,conseiller_des_tonneliers,"küntzlin, diethmar"
aves_aa_4R_auth_0086,1403,conseiller_des_tanneurs,"kirwiller, von, gerbot"
aves_aa_4R_auth_0087,1403,conseiller_des_cabaretiers,"wassicher, heilmann"
aves_aa_4R_auth_0088,1403,conseiller_des_maçons,"ruhlmann, lauwel"
aves_aa_4R_auth_0089,1403,conseiller_des_forgerons,"lorer, hermann"
aves_aa_4R_auth_0090,1403,conseiller_des_tailleurs,"miltenberg, johanns"
aves_aa_4R_auth_0091,1403,conseiller_des_charpentiers,"vogt, johanns"
aves_aa_4R_auth_0092,1403,conseiller_des_crieurs_et_mesureurs_de_vin,"beildeck, jacob"
aves_aa_4R_auth_0093,1403,conseiller_des_cordonniers,"herring, oberlin"
aves_aa_4R_auth_0094,1403,conseiller_des_orfevres,"waltenheim, johanns"
aves_aa_4R_auth_0095,1403,conseiller_des_marchands_de_grains,"melbrühe, michel"
aves_aa_4R_auth_0096,1403,conseiller_des_jardiniers,"martin, johanns"
aves_aa_4R_auth_0097,1403,conseiller_des_pêcheurs,"mönchelin, küntz"
aves_aa_4R_auth_0098,1403,conseiller_des_barbiers_et_baigneurs,"rohrer, marx"
aves_aa_4R_auth_0099,1403,conseiller_des_sauniers,"rüllin, claus"
aves_aa_4R_auth_0100,1403,conseiller_des_tisserands,"wecker, jeckel"
aves_aa_4R_auth_0101,1403,conseiller_des_gourmets_et_courtiers,"nesselbach, erhart"
aves_aa_4R_auth_0102,1403,conseiller_des_regrattiers_cordiers_et_fruitiers,"hühnerer, lauwel"
aves_aa_4R_auth_0103,1403,conseiller_des_constructeurs_de_bateaux,"altheim, jacob"
aves_aa_4R_auth_0001,1404,ammeister,"metziger, wilhelm"
aves_aa_4R_auth_0007,1404,conseiller_des_tanneurs,"issenhausen, ulrich"
aves_aa_4R_auth_0009,1404,conseiller_des_maçons,"kindelin, erhart"
aves_aa_4R_auth_0015,1404,conseiller_des_crieurs_et_mesureurs_de_vin,"heischer, lienhart"
aves_aa_4R_auth_0017,1404,conseiller_des_orfevres,"honau, peter"
aves_aa_4R_auth_0020,1404,conseiller_des_pêcheurs,"schwicker, johanns"
aves_aa_4R_auth_0022,1404,conseiller_des_sauniers,"gosse, ulrich"
aves_aa_4R_auth_0029,1404,conseiller_des_huiliers_meuniers_et_tondeurs_de_draps,"rhinau, walther"
aves_aa_4R_auth_0032,1404,conseiller_des_boulangers,", johanns"
aves_aa_4R_auth_0057,1404,conseiller_des_constructeurs_de_bateaux,"bobst, lienhart"
aves_aa_4R_auth_0059,1404,conseiller_des_marchands,"barpfennig, johanns"
aves_aa_4R_auth_0078,1404,conseiller_des_regrattiers_cordiers_et_fruitiers,"steingewerck, claus"
aves_aa_4R_auth_0104,1404,conseiller_des_bouchers,"friedel, lauwel"
aves_aa_4R_auth_0105,1404,conseiller_des_drapiers,"wingersheim, peter"
aves_aa_4R_auth_0106,1404,conseiller_des_tonneliers,"kammerer, johanns"
aves_aa_4R_auth_0107,1404,conseiller_des_cabaretiers,"spirer, anshelm"
aves_aa_4R_auth_0108,1404,conseiller_des_forgerons,"lorer, johanns"
aves_aa_4R_auth_0109,1404,conseiller_des_tailleurs,"menniger, johanns"
aves_aa_4R_auth_0110,1404,conseiller_des_bateliers,"kacheler, johanns"
aves_aa_4R_auth_0111,1404,conseiller_des_pelletiers,"mönchelin, johanns"
aves_aa_4R_auth_0112,1404,conseiller_des_charpentiers,"oberkirch, von, lauwel"
aves_aa_4R_auth_0113,1404,conseiller_des_cordonniers,"pfau, johanns"
aves_aa_4R_auth_0114,1404,conseiller_des_marchands_de_grains,"berner, johanns"
aves_aa_4R_auth_0115,1404,conseiller_des_jardiniers,"natteler, andres"
aves_aa_4R_auth_0116,1404,conseiller_des_barbiers_et_baigneurs,"albrecht, johanns"
aves_aa_4R_auth_0117,1404,conseiller_des_tisserands,"messinger, heintz"
aves_aa_4R_auth_0118,1404,conseiller_des_gourmets_et_courtiers,"girbaden, hensel"
aves_aa_4R_auth_0119,1404,conseiller_des_charrons,", reinhart"
aves_aa_4R_auth_0120,1404,conseiller_des_coltineurs_de_tonneaux,"willgottheim, claus"
aves_aa_4R_auth_0016,1405,conseiller_des_cordonniers,"laubeck, johanns"
aves_aa_4R_auth_0024,1405,conseiller_des_gourmets_et_courtiers,"diether, johanns"
aves_aa_4R_auth_0025,1405,conseiller_des_charrons,"dingsheim, claus"
aves_aa_4R_auth_0027,1405,conseiller_des_coltineurs_de_tonneaux,"stachel, küntz"
aves_aa_4R_auth_0028,1405,conseiller_des_constructeurs_de_bateaux,"klige, hug"
aves_aa_4R_auth_0030,1405,conseiller_des_bateliers,"sünner, peter"
aves_aa_4R_auth_0031,1405,ammeister,"barpfennig, ruhlemann"
aves_aa_4R_auth_0033,1405,conseiller_des_bouchers,"berse, von, wilhelm"
aves_aa_4R_auth_0058,1405,conseiller_des_huiliers_meuniers_et_tondeurs_de_draps,"ölmann, walther"
aves_aa_4R_auth_0066,1405,conseiller_des_tailleurs,"schön, heintz"
aves_aa_4R_auth_0067,1405,conseiller_des_charpentiers,", obrecht"
aves_aa_4R_auth_0081,1405,conseiller_des_drapiers,"heilmann, johanns"
aves_aa_4R_auth_0098,1405,conseiller_des_barbiers_et_baigneurs,"rohrer, marx"
aves_aa_4R_auth_0121,1405,conseiller_des_marchands,"rottweil, von, erhart"
aves_aa_4R_auth_0122,1405,conseiller_des_boulangers,"hagenau, von, wernher"
aves_aa_4R_auth_0123,1405,conseiller_des_tonneliers,"schanlit, walther"
aves_aa_4R_auth_0124,1405,conseiller_des_tanneurs,"weissgerber, fritsch"
aves_aa_4R_auth_0125,1405,conseiller_des_cabaretiers,"wormser, claus"
aves_aa_4R_auth_0126,1405,conseiller_des_maçons,"hagenau, von, erhart"
aves_aa_4R_auth_0127,1405,conseiller_des_forgerons,"stegemann, eberhart"
aves_aa_4R_auth_0128,1405,conseiller_des_pelletiers,"seelose, heintz"
aves_aa_4R_auth_0129,1405,conseiller_des_crieurs_et_mesureurs_de_vin,"hechde, claus"
aves_aa_4R_auth_0130,1405,conseiller_des_orfevres,"arge, claus"
aves_aa_4R_auth_0131,1405,conseiller_des_marchands_de_grains,"melbrühe, claus"
aves_aa_4R_auth_0132,1405,conseiller_des_jardiniers,"wintzler, peter"
aves_aa_4R_auth_0133,1405,conseiller_des_pêcheurs,"lamb, johanns"
aves_aa_4R_auth_0134,1405,conseiller_des_sauniers,"messerer, claus"
aves_aa_4R_auth_0135,1405,conseiller_des_tisserands,"frei, uhlmann"
aves_aa_4R_auth_0136,1405,conseiller_des_regrattiers_cordiers_et_fruitiers,"fritschmann, hug"
aves_aa_4R_auth_0001,1406,ammeister,"metziger, wilhelm"
aves_aa_4R_auth_0005,1406,conseiller_des_drapiers,"spielmann, claus"
aves_aa_4R_auth_0018,1406,conseiller_des_marchands_de_grains,"hühnerer, ulrich"
aves_aa_4R_auth_0022,1406,conseiller_des_sauniers,"gosse, ulrich"
aves_aa_4R_auth_0036,1406,conseiller_des_tanneurs,"hanseler, johanns"
aves_aa_4R_auth_0053,1406,conseiller_des_gourmets_et_courtiers,"schrotbanck, walther"
aves_aa_4R_auth_0057,1406,conseiller_des_constructeurs_de_bateaux,"bobst, lienhart"
aves_aa_4R_auth_0065,1406,conseiller_des_forgerons,"sporer, stefan"
aves_aa_4R_auth_0079,1406,conseiller_des_coltineurs_de_tonneaux,"mörlin, johanns"
aves_aa_4R_auth_0083,1406,conseiller_des_bouchers,"müseler, peter"
aves_aa_4R_auth_0093,1406,conseiller_des_cordonniers,"herring, oberlin"
aves_aa_4R_auth_0097,1406,conseiller_des_pêcheurs,"mönchelin, küntz"
aves_aa_4R_auth_0137,1406,conseiller_des_marchands,"riffe, peter"
aves_aa_4R_auth_0138,1406,conseiller_des_boulangers,"gerter, küntz"
aves_aa_4R_auth_0139,1406,conseiller_des_tonneliers,"schanlit, claus"
aves_aa_4R_auth_0140,1406,conseiller_des_cabaretiers,"kraft, johanns"
aves_aa_4R_auth_0141,1406,conseiller_des_maçons,"kindelin, mewus"
aves_aa_4R_auth_0142,1406,conseiller_des_tailleurs,"überhang, zum, hermann"
aves_aa_4R_auth_0143,1406,conseiller_des_bateliers,"meiger, johanns"
aves_aa_4R_auth_0144,1406,conseiller_des_pelletiers,"hagenau, von, götze"
aves_aa_4R_auth_0145,1406,conseiller_des_charpentiers,"lamb, heitz"
aves_aa_4R_auth_0146,1406,conseiller_des_orfevres,"seifenmacher, hug"
aves_aa_4R_auth_0147,1406,conseiller_des_jardiniers,"grossstein, johanns"
aves_aa_4R_auth_0148,1406,conseiller_des_barbiers_et_baigneurs,"stollhofen, hensel"
aves_aa_4R_auth_0149,1406,conseiller_des_tisserands,"frei, johanns"
aves_aa_4R_auth_0150,1406,conseiller_des_charrons,"gosse, peter"
aves_aa_4R_auth_0151,1406,conseiller_des_regrattiers_cordiers_et_fruitiers,"seiler, peter"
aves_aa_4R_auth_0152,1406,conseiller_des_huiliers_meuniers_et_tondeurs_de_draps,"dürningen, von, johanns"
aves_aa_4R_auth_0081,1407,ammeister,"heilmann, johanns"
aves_aa_4R_auth_0001,1408,conseiller_des_bouchers,"metziger, wilhelm"
aves_aa_4R_auth_0016,1408,conseiller_des_cordonniers,"laubeck, johanns"
aves_aa_4R_auth_0017,1408,conseiller_des_orfevres,"honau, peter"
aves_aa_4R_auth_0022,1408,ammeister,"gosse, ulrich"
aves_aa_4R_auth_0032,1408,conseiller_des_boulangers,", johanns"
aves_aa_4R_auth_0034,1408,conseiller_des_drapiers,"herbst, johanns"
aves_aa_4R_auth_0057,1408,conseiller_des_constructeurs_de_bateaux,"bobst, lienhart"
aves_aa_4R_auth_0074,1408,conseiller_des_sauniers,"schmied, lienhart"
aves_aa_4R_auth_0078,1408,conseiller_des_regrattiers_cordiers_et_fruitiers,"steingewerck, claus"
aves_aa_4R_auth_0107,1408,conseiller_des_cabaretiers,"spirer, anshelm"
aves_aa_4R_auth_0115,1408,conseiller_des_jardiniers,"natteler, andres"
aves_aa_4R_auth_0123,1408,conseiller_des_tonneliers,"schanlit, walther"
aves_aa_4R_auth_0133,1408,conseiller_des_pêcheurs,"lamb, johanns"
aves_aa_4R_auth_0153,1408,conseiller_des_marchands,"leimer, heinrich"
aves_aa_4R_auth_0154,1408,conseiller_des_tanneurs,"kücheler, peter"
aves_aa_4R_auth_0155,1408,conseiller_des_maçons,"bergheim, von, johanns"
aves_aa_4R_auth_0156,1408,conseiller_des_forgerons,"gast, ludwig"
aves_aa_4R_auth_0157,1408,conseiller_des_tailleurs,"schrotbanck, konrat"
aves_aa_4R_auth_0158,1408,conseiller_des_bateliers,"lumbart, johanns"
aves_aa_4R_auth_0159,1408,conseiller_des_pelletiers,"vogt, johanns"
aves_aa_4R_auth_0160,1408,conseiller_des_charpentiers,"oberkirch, von, claus"
aves_aa_4R_auth_0161,1408,conseiller_des_crieurs_et_mesureurs_de_vin,"rhinau, ottemann"
aves_aa_4R_auth_0162,1408,conseiller_des_marchands_de_grains,"rotenschilt, zum, wolff"
aves_aa_4R_auth_0163,1408,conseiller_des_barbiers_et_baigneurs,", walther"
aves_aa_4R_auth_0164,1408,conseiller_des_tisserands,"marlen, peter"
aves_aa_4R_auth_0165,1408,conseiller_des_gourmets_et_courtiers,"pfaffenhoffen, johanns"
aves_aa_4R_auth_0166,1408,conseiller_des_charrons,"kistner, reinhart"
aves_aa_4R_auth_0167,1408,conseiller_des_coltineurs_de_tonneaux,"voltz, claus"
aves_aa_4R_auth_0168,1408,conseiller_des_huiliers_meuniers_et_tondeurs_de_draps,"nordhausen, johanns"
aves_aa_4R_auth_0028,1409,conseiller_des_constructeurs_de_bateaux,"klige, hug"
aves_aa_4R_auth_0030,1409,conseiller_des_bateliers,"sünner, peter"
aves_aa_4R_auth_0031,1409,ammeister,"barpfennig, ruhlemann"
aves_aa_4R_auth_0033,1409,conseiller_des_bouchers,"berse, von, wilhelm"
aves_aa_4R_auth_0037,1409,conseiller_des_cabaretiers,"kranich, heinrich"
aves_aa_4R_auth_0051,1409,conseiller_des_sauniers,"saltzmütter, johanns"
aves_aa_4R_auth_0065,1409,conseiller_des_forgerons,"sporer, stefan"
aves_aa_4R_auth_0076,1409,conseiller_des_gourmets_et_courtiers,"schenck, johanns"
aves_aa_4R_auth_0081,1409,conseiller_des_drapiers,"heilmann, johanns"
aves_aa_4R_auth_0088,1409,conseiller_des_maçons,"ruhlmann, lauwel"
aves_aa_4R_auth_0093,1409,conseiller_des_cordonniers,"herring, oberlin"
aves_aa_4R_auth_0117,1409,conseiller_des_tisserands,"messinger, heintz"
aves_aa_4R_auth_0120,1409,conseiller_des_coltineurs_de_tonneaux,"willgottheim, claus"
aves_aa_4R_auth_0122,1409,conseiller_des_boulangers,"hagenau, von, wernher"
aves_aa_4R_auth_0130,1409,conseiller_des_orfevres,"arge, claus"
aves_aa_4R_auth_0131,1409,conseiller_des_marchands_de_grains,"melbrühe, claus"
aves_aa_4R_auth_0139,1409,conseiller_des_tonneliers,"schanlit, claus"
aves_aa_4R_auth_0142,1409,conseiller_des_tailleurs,"überhang, zum, hermann"
aves_aa_4R_auth_0145,1409,conseiller_des_charpentiers,"lamb, heitz"
aves_aa_4R_auth_0169,1409,conseiller_des_marchands,"colmar, von, bechtolt"
aves_aa_4R_auth_0170,1409,conseiller_des_tanneurs,"werde, claus"
aves_aa_4R_auth_0171,1409,conseiller_des_pelletiers,"michelin, johanns"
aves_aa_4R_auth_0172,1409,conseiller_des_crieurs_et_mesureurs_de_vin,"beildeck, jeckel"
aves_aa_4R_auth_0173,1409,conseiller_des_jardiniers,"düpigheim, johanns"
aves_aa_4R_auth_0174,1409,conseiller_des_pêcheurs,", schweicker"
aves_aa_4R_auth_0175,1409,conseiller_des_barbiers_et_baigneurs,", johanns"
aves_aa_4R_auth_0176,1409,conseiller_des_charrons,"dreitzehn, hug"
aves_aa_4R_auth_0177,1409,conseiller_des_regrattiers_cordiers_et_fruitiers,"hohenhaus, zum, claus"
aves_aa_4R_auth_0178,1409,conseiller_des_huiliers_meuniers_et_tondeurs_de_draps,"dürninger, johanns"
aves_aa_4R_auth_0001,1410,conseiller_des_bouchers,"metziger, wilhelm"
aves_aa_4R_auth_0005,1410,conseiller_des_drapiers,"spielmann, claus"
aves_aa_4R_auth_0022,1410,conseiller_des_sauniers,"gosse, ulrich"
aves_aa_4R_auth_0027,1410,conseiller_des_coltineurs_de_tonneaux,"stachel, küntz"
aves_aa_4R_auth_0038,1410,conseiller_des_maçons,"gans, johanns"
aves_aa_4R_auth_0039,1410,conseiller_des_forgerons,"trüchtersheim, von, eberhart"
aves_aa_4R_auth_0057,1410,conseiller_des_constructeurs_de_bateaux,"bobst, lienhart"
aves_aa_4R_auth_0058,1410,conseiller_des_huiliers_meuniers_et_tondeurs_de_draps,"ölmann, walther"
aves_aa_4R_auth_0067,1410,conseiller_des_charpentiers,", obrecht"
aves_aa_4R_auth_0082,1410,conseiller_des_boulangers,"geispoltzheim, von, jacob"
aves_aa_4R_auth_0095,1410,ammeister,"melbrühe, michel"
aves_aa_4R_auth_0113,1410,conseiller_des_cordonniers,"pfau, johanns"
aves_aa_4R_auth_0128,1410,conseiller_des_pelletiers,"seelose, heintz"
aves_aa_4R_auth_0137,1410,conseiller_des_marchands,"riffe, peter"
aves_aa_4R_auth_0154,1410,conseiller_des_tanneurs,"kücheler, peter"
aves_aa_4R_auth_0161,1410,conseiller_des_crieurs_et_mesureurs_de_vin,"rhinau, ottemann"
aves_aa_4R_auth_0179,1410,conseiller_des_tonneliers,"herrhorn, zum, thoman"
aves_aa_4R_auth_0180,1410,conseiller_des_cabaretiers,"mommenheim, von, johanns"
aves_aa_4R_auth_0181,1410,conseiller_des_tailleurs,"seltz, von, johanns"
aves_aa_4R_auth_0182,1410,conseiller_des_bateliers,"armbruster, konrat"
aves_aa_4R_auth_0183,1410,conseiller_des_orfevres,"mahler, hermann"
aves_aa_4R_auth_0184,1410,conseiller_des_marchands_de_grains,"bere, hensel"
aves_aa_4R_auth_0185,1410,conseiller_des_jardiniers,"hertzog, johanns"
aves_aa_4R_auth_0186,1410,conseiller_des_pêcheurs,"gauch, johanns"
aves_aa_4R_auth_0187,1410,conseiller_des_barbiers_et_baigneurs,"scherer, rudolff"
aves_aa_4R_auth_0188,1410,conseiller_des_tisserands,"renner, diebolt"
aves_aa_4R_auth_0189,1410,conseiller_des_gourmets_et_courtiers,"wachsmann, zum, fritsch"
aves_aa_4R_auth_0190,1410,conseiller_des_charrons,"dreitzehn, reimbolt"
aves_aa_4R_auth_0191,1410,conseiller_des_regrattiers_cordiers_et_fruitiers,"burkhart, riffe"
aves_aa_4R_auth_0016,1411,conseiller_des_cordonniers,"laubeck, johanns"
aves_aa_4R_auth_0030,1411,conseiller_des_bateliers,"sünner, peter"
aves_aa_4R_auth_0031,1411,conseiller_des_marchands,"barpfennig, ruhlemann"
aves_aa_4R_auth_0081,1411,ammeister,"heilmann, johanns"
aves_aa_4R_auth_0087,1411,conseiller_des_cabaretiers,"wassicher, heilmann"
aves_aa_4R_auth_0117,1411,conseiller_des_tisserands,"messinger, heintz"
aves_aa_4R_auth_0130,1411,conseiller_des_orfevres,"arge, claus"
aves_aa_4R_auth_0165,1411,conseiller_des_gourmets_et_courtiers,"pfaffenhoffen, johanns"
aves_aa_4R_auth_0166,1411,conseiller_des_charrons,"kistner, reinhart"
aves_aa_4R_auth_0167,1411,conseiller_des_coltineurs_de_tonneaux,"voltz, claus"
aves_aa_4R_auth_0192,1411,conseiller_des_boulangers,"martin, johanns"
aves_aa_4R_auth_0193,1411,conseiller_des_bouchers,"meister, heintz"
aves_aa_4R_auth_0194,1411,conseiller_des_drapiers,"zirtzer, ulrich"
aves_aa_4R_auth_0195,1411,conseiller_des_tonneliers,"bidermann, johanns"
aves_aa_4R_auth_0196,1411,conseiller_des_tanneurs,"sturm, johanns"
aves_aa_4R_auth_0197,1411,conseiller_des_maçons,"ammeister, johanns"
aves_aa_4R_auth_0198,1411,conseiller_des_forgerons,"villinger, peter"
aves_aa_4R_auth_0199,1411,conseiller_des_tailleurs,"schwert, johanns"
aves_aa_4R_auth_0200,1411,conseiller_des_pelletiers,"wasselnheim, von, johanns"
aves_aa_4R_auth_0201,1411,conseiller_des_charpentiers,"haslach von, peter"
aves_aa_4R_auth_0202,1411,conseiller_des_crieurs_et_mesureurs_de_vin,"merckwiller, küntz"
aves_aa_4R_auth_0203,1411,conseiller_des_marchands_de_grains,"frankenheim, ottemann"
aves_aa_4R_auth_0204,1411,conseiller_des_jardiniers,"müntzer, burkhart"
aves_aa_4R_auth_0205,1411,conseiller_des_pêcheurs,"brüchelin, hansekint"
aves_aa_4R_auth_0206,1411,conseiller_des_barbiers_et_baigneurs,"flach, johanns"
aves_aa_4R_auth_0207,1411,conseiller_des_sauniers,"blumenstein, johanns"
aves_aa_4R_auth_0208,1411,conseiller_des_regrattiers_cordiers_et_fruitiers,"burkhart, heintz"
aves_aa_4R_auth_0209,1411,conseiller_des_constructeurs_de_bateaux,"spitznagel, johanns"
aves_aa_4R_auth_0210,1411,conseiller_des_huiliers_meuniers_et_tondeurs_de_draps,"wibolsheim, johanns"
aves_aa_4R_auth_0022,1412,conseiller_des_sauniers,"gosse, ulrich"
aves_aa_4R_auth_0057,1412,conseiller_des_constructeurs_de_bateaux,"bobst, lienhart"
aves_aa_4R_auth_0065,1412,conseiller_des_forgerons,"sporer, stefan"
aves_aa_4R_auth_0076,1412,conseiller_des_gourmets_et_courtiers,"schenck, johanns"
aves_aa_4R_auth_0093,1412,conseiller_des_cordonniers,"herring, oberlin"
aves_aa_4R_auth_0095,1412,conseiller_des_marchands_de_grains,"melbrühe, michel"
aves_aa_4R_auth_0120,1412,conseiller_des_coltineurs_de_tonneaux,"willgottheim, claus"
aves_aa_4R_auth_0121,1412,conseiller_des_marchands,"rottweil, von, erhart"
aves_aa_4R_auth_0133,1412,conseiller_des_pêcheurs,"lamb, johanns"
aves_aa_4R_auth_0139,1412,conseiller_des_tonneliers,"schanlit, claus"
aves_aa_4R_auth_0143,1412,ammeister,"meiger, johanns"
aves_aa_4R_auth_0144,1412,conseiller_des_pelletiers,"hagenau, von, götze"
aves_aa_4R_auth_0157,1412,conseiller_des_tailleurs,"schrotbanck, konrat"
aves_aa_4R_auth_0170,1412,conseiller_des_tanneurs,"werde, claus"
aves_aa_4R_auth_0211,1412,conseiller_des_boulangers,"hermann, jacob"
aves_aa_4R_auth_0212,1412,conseiller_des_bouchers,"berse, johanns"
aves_aa_4R_auth_0213,1412,conseiller_des_drapiers,"sprenger, claus"
aves_aa_4R_auth_0214,1412,conseiller_des_cabaretiers,"mommenheim, johanns"
aves_aa_4R_auth_0215,1412,conseiller_des_maçons,"kacheler, anthenie"
aves_aa_4R_auth_0216,1412,conseiller_des_bateliers,"armbruster, johanns"
aves_aa_4R_auth_0217,1412,conseiller_des_charpentiers,"kerb, johanns"
aves_aa_4R_auth_0218,1412,conseiller_des_crieurs_et_mesureurs_de_vin,"kenen, zur, jeckel"
aves_aa_4R_auth_0219,1412,conseiller_des_orfevres,"schmalriem, andres"
aves_aa_4R_auth_0220,1412,conseiller_des_jardiniers,"zender, johanns"
aves_aa_4R_auth_0221,1412,conseiller_des_barbiers_et_baigneurs,"scherer, walther"
aves_aa_4R_auth_0222,1412,conseiller_des_tisserands,"mannertrieb, diebolt"
aves_aa_4R_auth_0223,1412,conseiller_des_charrons,"mentzer, johanns"
aves_aa_4R_auth_0224,1412,conseiller_des_regrattiers_cordiers_et_fruitiers,"seiler, ruhlemann"
aves_aa_4R_auth_0225,1412,conseiller_des_drapiers,"tuchscherer, ottemann"
aves_aa_4R_auth_0025,1413,conseiller_des_charrons,"dingsheim, claus"
aves_aa_4R_auth_0028,1413,conseiller_des_constructeurs_de_bateaux,"klige, hug"
aves_aa_4R_auth_0031,1413,ammeister,"barpfennig, ruhlemann"
aves_aa_4R_auth_0037,1413,conseiller_des_cabaretiers,"kranich, heinrich"
aves_aa_4R_auth_0050,1413,conseiller_des_barbiers_et_baigneurs,"pfennigmann, johanns"
aves_aa_4R_auth_0053,1413,conseiller_des_gourmets_et_courtiers,"schrotbanck, walther"
aves_aa_4R_auth_0075,1413,conseiller_des_tisserands,"ingenheim, claus"
aves_aa_4R_auth_0081,1413,conseiller_des_drapiers,"heilmann, johanns"
aves_aa_4R_auth_0082,1413,conseiller_des_boulangers,"geispoltzheim, von, jacob"
aves_aa_4R_auth_0083,1413,conseiller_des_bouchers,"müseler, peter"
aves_aa_4R_auth_0115,1413,conseiller_des_jardiniers,"natteler, andres"
aves_aa_4R_auth_0128,1413,conseiller_des_pelletiers,"seelose, heintz"
aves_aa_4R_auth_0129,1413,conseiller_des_crieurs_et_mesureurs_de_vin,"hechde, claus"
aves_aa_4R_auth_0131,1413,conseiller_des_marchands_de_grains,"melbrühe, claus"
aves_aa_4R_auth_0142,1413,conseiller_des_tailleurs,"überhang, zum, hermann"
aves_aa_4R_auth_0154,1413,conseiller_des_tanneurs,"kücheler, peter"
aves_aa_4R_auth_0167,1413,conseiller_des_coltineurs_de_tonneaux,"voltz, claus"
aves_aa_4R_auth_0226,1413,conseiller_des_marchands,"voltz, "
aves_aa_4R_auth_0227,1413,conseiller_des_tonneliers,"willgottheim, johanns"
aves_aa_4R_auth_0228,1413,conseiller_des_forgerons,"epfig, von, hannemann"
aves_aa_4R_auth_0229,1413,conseiller_des_bateliers,"meiger, claus"
aves_aa_4R_auth_0230,1413,conseiller_des_charpentiers,"jeckelin, symont"
aves_aa_4R_auth_0231,1413,conseiller_des_cordonniers,"rawensburg, johanns"
aves_aa_4R_auth_0232,1413,conseiller_des_orfevres,"kriegsheim, von, johanns"
aves_aa_4R_auth_0233,1413,conseiller_des_pêcheurs,"brüchelin, claus"
aves_aa_4R_auth_0234,1413,conseiller_des_sauniers,"saltzmütter, dietrich"
aves_aa_4R_auth_0235,1413,conseiller_des_regrattiers_cordiers_et_fruitiers,"wurant, rudolff"
aves_aa_4R_auth_0236,1413,conseiller_des_huiliers_meuniers_et_tondeurs_de_draps,"lampertheim, von, peter"
aves_aa_4R_auth_0022,1414,conseiller_des_sauniers,"gosse, ulrich"
aves_aa_4R_auth_0024,1414,conseiller_des_gourmets_et_courtiers,"diether, johanns"
aves_aa_4R_auth_0027,1414,conseiller_des_coltineurs_de_tonneaux,"stachel, küntz"
aves_aa_4R_auth_0038,1414,conseiller_des_maçons,"gans, johanns"
aves_aa_4R_auth_0057,1414,conseiller_des_constructeurs_de_bateaux,"bobst, lienhart"
aves_aa_4R_auth_0065,1414,conseiller_des_forgerons,"sporer, stefan"
aves_aa_4R_auth_0095,1414,ammeister,"melbrühe, michel"
aves_aa_4R_auth_0113,1414,conseiller_des_cordonniers,"pfau, johanns"
aves_aa_4R_auth_0114,1414,conseiller_des_marchands_de_grains,"berner, johanns"
aves_aa_4R_auth_0116,1414,conseiller_des_barbiers_et_baigneurs,"albrecht, johanns"
aves_aa_4R_auth_0143,1414,conseiller_des_bateliers,"meiger, johanns"
aves_aa_4R_auth_0192,1414,conseiller_des_boulangers,"martin, johanns"
aves_aa_4R_auth_0193,1414,conseiller_des_bouchers,"meister, heintz"
aves_aa_4R_auth_0201,1414,conseiller_des_charpentiers,"haslach von, peter"
aves_aa_4R_auth_0208,1414,conseiller_des_regrattiers_cordiers_et_fruitiers,"burkhart, heintz"
aves_aa_4R_auth_0222,1414,conseiller_des_tisserands,"mannertrieb, diebolt"
aves_aa_4R_auth_0237,1414,conseiller_des_marchands,"brucker, peter"
aves_aa_4R_auth_0238,1414,conseiller_des_drapiers,"nussmann, peter"
aves_aa_4R_auth_0239,1414,conseiller_des_tonneliers,"heimburg, küntz"
aves_aa_4R_auth_0240,1414,conseiller_des_tanneurs,"gerbot, claus"
aves_aa_4R_auth_0241,1414,conseiller_des_cabaretiers,"dannenfels, johanns"
aves_aa_4R_auth_0242,1414,conseiller_des_tailleurs,"stoltz, peter"
aves_aa_4R_auth_0243,1414,conseiller_des_pelletiers,"spirer, claus"
aves_aa_4R_auth_0244,1414,conseiller_des_crieurs_et_mesureurs_de_vin,"kenen, zur, jacob"
aves_aa_4R_auth_0245,1414,conseiller_des_orfevres,"harnescher, blesin"
aves_aa_4R_auth_0246,1414,conseiller_des_jardiniers,"bock, ludwig"
aves_aa_4R_auth_0247,1414,conseiller_des_pêcheurs,"hug, johanns"
aves_aa_4R_auth_0248,1414,conseiller_des_charrons,"pfluger, ottemann"
aves_aa_4R_auth_0249,1414,conseiller_des_huiliers_meuniers_et_tondeurs_de_draps,"kutteltzheim, michel"
aves_aa_4R_auth_0007,1415,conseiller_des_tanneurs,"issenhausen, ulrich"
aves_aa_4R_auth_0028,1415,conseiller_des_constructeurs_de_bateaux,"klige, hug"
aves_aa_4R_auth_0051,1415,conseiller_des_sauniers,"saltzmütter, johanns"
aves_aa_4R_auth_0081,1415,conseiller_des_drapiers,"heilmann, johanns"
aves_aa_4R_auth_0083,1415,conseiller_des_bouchers,"müseler, peter"
aves_aa_4R_auth_0096,1415,conseiller_des_jardiniers,"martin, johanns"
aves_aa_4R_auth_0098,1415,conseiller_des_barbiers_et_baigneurs,"rohrer, marx"
aves_aa_4R_auth_0128,1415,conseiller_des_pelletiers,"seelose, heintz"
aves_aa_4R_auth_0130,1415,conseiller_des_orfevres,"arge, claus"
aves_aa_4R_auth_0131,1415,conseiller_des_marchands_de_grains,"melbrühe, claus"
aves_aa_4R_auth_0167,1415,conseiller_des_coltineurs_de_tonneaux,"voltz, claus"
aves_aa_4R_auth_0181,1415,conseiller_des_tailleurs,"seltz, von, johanns"
aves_aa_4R_auth_0217,1415,conseiller_des_charpentiers,"kerb, johanns"
aves_aa_4R_auth_0228,1415,conseiller_des_forgerons,"epfig, von, hannemann"
aves_aa_4R_auth_0250,1415,ammeister,"bechtolt, johanns"
aves_aa_4R_auth_0251,1415,conseiller_des_marchands,"rüllin, "
aves_aa_4R_auth_0252,1415,conseiller_des_boulangers,"meiger, jeckel"
aves_aa_4R_auth_0253,1415,conseiller_des_tonneliers,"göffde, von, claus"
aves_aa_4R_auth_0254,1415,conseiller_des_cabaretiers,"arner, heinrich"
aves_aa_4R_auth_0255,1415,conseiller_des_maçons,"wild, küntz"
aves_aa_4R_auth_0256,1415,conseiller_des_bateliers,"meiger, heinrich"
aves_aa_4R_auth_0257,1415,conseiller_des_crieurs_et_mesureurs_de_vin,"wilgen, zur, jacob"
aves_aa_4R_auth_0258,1415,conseiller_des_cordonniers,"flöss, heintz"
aves_aa_4R_auth_0259,1415,conseiller_des_pêcheurs,"roser, heintz"
aves_aa_4R_auth_0260,1415,conseiller_des_tisserands,"ingenheim, küntz"
aves_aa_4R_auth_0261,1415,conseiller_des_gourmets_et_courtiers,"dolde, bechtolt"
aves_aa_4R_auth_0262,1415,conseiller_des_charrons,"wernher, claus"
aves_aa_4R_auth_0263,1415,conseiller_des_regrattiers_cordiers_et_fruitiers,"giger, claus"
aves_aa_4R_auth_0264,1415,conseiller_des_huiliers_meuniers_et_tondeurs_de_draps,"reichwein, walther"
aves_aa_4R_auth_0022,1416,conseiller_des_sauniers,"gosse, ulrich"
aves_aa_4R_auth_0036,1416,conseiller_des_tanneurs,"hanseler, johanns"
aves_aa_4R_auth_0057,1416,conseiller_des_constructeurs_de_bateaux,"bobst, lienhart"
aves_aa_4R_auth_0059,1416,conseiller_des_marchands,"barpfennig, johanns"
aves_aa_4R_auth_0075,1416,conseiller_des_tisserands,"ingenheim, claus"
aves_aa_4R_auth_0088,1416,conseiller_des_maçons,"ruhlmann, lauwel"
aves_aa_4R_auth_0095,1416,conseiller_des_marchands_de_grains,"melbrühe, michel"
aves_aa_4R_auth_0102,1416,conseiller_des_regrattiers_cordiers_et_fruitiers,"hühnerer, lauwel"
aves_aa_4R_auth_0120,1416,conseiller_des_coltineurs_de_tonneaux,"willgottheim, claus"
aves_aa_4R_auth_0140,1416,conseiller_des_cabaretiers,"kraft, johanns"
aves_aa_4R_auth_0158,1416,ammeister,"lumbart, johanns"
aves_aa_4R_auth_0174,1416,conseiller_des_pêcheurs,", schweicker"
aves_aa_4R_auth_0176,1416,conseiller_des_charrons,"dreitzehn, hug"
aves_aa_4R_auth_0232,1416,conseiller_des_orfevres,"kriegsheim, von, johanns"
aves_aa_4R_auth_0244,1416,conseiller_des_crieurs_et_mesureurs_de_vin,"kenen, zur, jacob"
aves_aa_4R_auth_0265,1416,conseiller_des_boulangers,"gerter, konrat"
aves_aa_4R_auth_0266,1416,conseiller_des_bouchers,"kerling, claus"
aves_aa_4R_auth_0267,1416,conseiller_des_drapiers,"renner, johanns"
aves_aa_4R_auth_0268,1416,conseiller_des_tonneliers,"vetter, claus"
aves_aa_4R_auth_0269,1416,conseiller_des_forgerons,"schnipper, claus"
aves_aa_4R_auth_0270,1416,conseiller_des_tailleurs,"arnolt, konrat"
aves_aa_4R_auth_0271,1416,conseiller_des_bateliers,"siffermann, riffe"
aves_aa_4R_auth_0272,1416,conseiller_des_pelletiers,"rhinau, johanns"
aves_aa_4R_auth_0273,1416,conseiller_des_charpentiers,"klein, dietrich"
aves_aa_4R_auth_0274,1416,conseiller_des_cordonniers,"müntzenberg, heinrich"
aves_aa_4R_auth_0275,1416,conseiller_des_jardiniers,"spete, johanns"
aves_aa_4R_auth_0276,1416,conseiller_des_barbiers_et_baigneurs,"schluch, im, johanns"
aves_aa_4R_auth_0277,1416,conseiller_des_gourmets_et_courtiers,"nothalden, von, heinrich"
aves_aa_4R_auth_0278,1416,conseiller_des_huiliers_meuniers_et_tondeurs_de_draps,"buchswiller, von, burkhart"
aves_aa_4R_auth_0031,1417,conseiller_des_marchands,"barpfennig, ruhlemann"
aves_aa_4R_auth_0052,1417,conseiller_des_tisserands,"dolde, johanns"
aves_aa_4R_auth_0081,1417,conseiller_des_drapiers,"heilmann, johanns"
aves_aa_4R_auth_0099,1417,conseiller_des_sauniers,"rüllin, claus"
aves_aa_4R_auth_0113,1417,conseiller_des_cordonniers,"pfau, johanns"
aves_aa_4R_auth_0115,1417,conseiller_des_jardiniers,"natteler, andres"
aves_aa_4R_auth_0130,1417,ammeister,"arge, claus"
aves_aa_4R_auth_0167,1417,conseiller_des_coltineurs_de_tonneaux,"voltz, claus"
aves_aa_4R_auth_0176,1417,ammeister,"dreitzehn, hug"
aves_aa_4R_auth_0177,1417,conseiller_des_regrattiers_cordiers_et_fruitiers,"hohenhaus, zum, claus"
aves_aa_4R_auth_0182,1417,conseiller_des_bateliers,"armbruster, konrat"
aves_aa_4R_auth_0198,1417,conseiller_des_forgerons,"villinger, peter"
aves_aa_4R_auth_0200,1417,conseiller_des_pelletiers,"wasselnheim, von, johanns"
aves_aa_4R_auth_0203,1417,conseiller_des_marchands_de_grains,"frankenheim, ottemann"
aves_aa_4R_auth_0223,1417,conseiller_des_charrons,"mentzer, johanns"
aves_aa_4R_auth_0250,1417,conseiller_des_bouchers,"bechtolt, johanns"
aves_aa_4R_auth_0257,1417,conseiller_des_crieurs_et_mesureurs_de_vin,"wilgen, zur, jacob"
aves_aa_4R_auth_0264,1417,conseiller_des_huiliers_meuniers_et_tondeurs_de_draps,"reichwein, walther"
aves_aa_4R_auth_0279,1417,conseiller_des_boulangers,"schwob, johanns"
aves_aa_4R_auth_0280,1417,conseiller_des_tonneliers,"lampertheim, von, johanns"
aves_aa_4R_auth_0281,1417,conseiller_des_tanneurs,"müntzenberg, johanns"
aves_aa_4R_auth_0282,1417,conseiller_des_cabaretiers,"dossenheim, von, hug"
aves_aa_4R_auth_0283,1417,conseiller_des_maçons,"kacheler, sifrit"
aves_aa_4R_auth_0284,1417,conseiller_des_tailleurs,"waldeck, konrat"
aves_aa_4R_auth_0285,1417,conseiller_des_charpentiers,"schnell, johanns"
aves_aa_4R_auth_0286,1417,conseiller_des_orfevres,"risser, claus"
aves_aa_4R_auth_0287,1417,conseiller_des_pêcheurs,"peter, johanns"
aves_aa_4R_auth_0288,1417,conseiller_des_barbiers_et_baigneurs,"bader, johanns"
aves_aa_4R_auth_0289,1417,conseiller_des_gourmets_et_courtiers,", diebolt"
aves_aa_4R_auth_0290,1417,conseiller_des_constructeurs_de_bateaux,"obrecht, johanns"
aves_aa_4R_auth_0005,1418,conseiller_des_drapiers,"spielmann, claus"
aves_aa_4R_auth_0022,1418,ammeister,"gosse, ulrich"
aves_aa_4R_auth_0059,1418,conseiller_des_marchands,"barpfennig, johanns"
aves_aa_4R_auth_0095,1418,conseiller_des_marchands_de_grains,"melbrühe, michel"
aves_aa_4R_auth_0120,1418,conseiller_des_coltineurs_de_tonneaux,"willgottheim, claus"
aves_aa_4R_auth_0139,1418,conseiller_des_tonneliers,"schanlit, claus"
aves_aa_4R_auth_0140,1418,conseiller_des_cabaretiers,"kraft, johanns"
aves_aa_4R_auth_0158,1418,conseiller_des_bateliers,"lumbart, johanns"
aves_aa_4R_auth_0176,1418,conseiller_des_charrons,"dreitzehn, hug"
aves_aa_4R_auth_0224,1418,conseiller_des_regrattiers_cordiers_et_fruitiers,"seiler, ruhlemann"
aves_aa_4R_auth_0228,1418,conseiller_des_forgerons,"epfig, von, hannemann"
aves_aa_4R_auth_0234,1418,conseiller_des_sauniers,"saltzmütter, dietrich"
aves_aa_4R_auth_0244,1418,conseiller_des_crieurs_et_mesureurs_de_vin,"kenen, zur, jacob"
aves_aa_4R_auth_0245,1418,conseiller_des_orfevres,"harnescher, blesin"
aves_aa_4R_auth_0252,1418,conseiller_des_boulangers,"meiger, jeckel"
aves_aa_4R_auth_0255,1418,conseiller_des_maçons,"wild, küntz"
aves_aa_4R_auth_0291,1418,conseiller_des_bouchers,"voltz, claus"
aves_aa_4R_auth_0292,1418,conseiller_des_tanneurs,"gerbot, küntz"
aves_aa_4R_auth_0293,1418,conseiller_des_tailleurs,"honau, von, claus"
aves_aa_4R_auth_0294,1418,conseiller_des_pelletiers,"spirer, "
aves_aa_4R_auth_0295,1418,conseiller_des_charpentiers,", adam"
aves_aa_4R_auth_0296,1418,conseiller_des_cordonniers,"pfluger, heintz"
aves_aa_4R_auth_0297,1418,conseiller_des_jardiniers,"kilwart, johanns"
aves_aa_4R_auth_0298,1418,conseiller_des_pêcheurs,"würtzel, johanns"
aves_aa_4R_auth_0299,1418,conseiller_des_barbiers_et_baigneurs,", rudolff"
aves_aa_4R_auth_0300,1418,conseiller_des_tisserands,"basel, von, diebolt"
aves_aa_4R_auth_0301,1418,conseiller_des_gourmets_et_courtiers,"hüter, johanns"
aves_aa_4R_auth_0302,1418,conseiller_des_constructeurs_de_bateaux,"kride, heintz"
aves_aa_4R_auth_0303,1418,conseiller_des_huiliers_meuniers_et_tondeurs_de_draps,"krapp, johanns"
aves_aa_4R_auth_0007,1419,conseiller_des_tanneurs,"issenhausen, ulrich"
aves_aa_4R_auth_0031,1419,ammeister,"barpfennig, ruhlemann"
aves_aa_4R_auth_0038,1419,conseiller_des_maçons,"gans, johanns"
aves_aa_4R_auth_0057,1419,conseiller_des_constructeurs_de_bateaux,"bobst, lienhart"
aves_aa_4R_auth_0065,1419,conseiller_des_forgerons,"sporer, stefan"
aves_aa_4R_auth_0081,1419,conseiller_des_drapiers,"heilmann, johanns"
aves_aa_4R_auth_0097,1419,conseiller_des_pêcheurs,"mönchelin, küntz"
aves_aa_4R_auth_0122,1419,conseiller_des_boulangers,"hagenau, von, wernher"
aves_aa_4R_auth_0131,1419,conseiller_des_marchands_de_grains,"melbrühe, claus"
aves_aa_4R_auth_0167,1419,conseiller_des_coltineurs_de_tonneaux,"voltz, claus"
aves_aa_4R_auth_0176,1419,conseiller_des_charrons,"dreitzehn, hug"
aves_aa_4R_auth_0206,1419,conseiller_des_barbiers_et_baigneurs,"flach, johanns"
aves_aa_4R_auth_0229,1419,conseiller_des_bateliers,"meiger, claus"
aves_aa_4R_auth_0250,1419,conseiller_des_bouchers,"bechtolt, johanns"
aves_aa_4R_auth_0253,1419,conseiller_des_tonneliers,"göffde, von, claus"
aves_aa_4R_auth_0272,1419,conseiller_des_pelletiers,"rhinau, johanns"
aves_aa_4R_auth_0278,1419,conseiller_des_huiliers_meuniers_et_tondeurs_de_draps,"buchswiller, von, burkhart"
aves_aa_4R_auth_0304,1419,conseiller_des_marchands,"pfettisheim, johanns"
aves_aa_4R_auth_0305,1419,conseiller_des_cabaretiers,"eckboltzheim, von, claus"
aves_aa_4R_auth_0306,1419,conseiller_des_tailleurs,"leistmann, "
aves_aa_4R_auth_0307,1419,conseiller_des_charpentiers,"lang, fritsch"
aves_aa_4R_auth_0308,1419,conseiller_des_crieurs_et_mesureurs_de_vin,"beildeck, adam"
aves_aa_4R_auth_0309,1419,conseiller_des_cordonniers,"pfluger, oberlin"
aves_aa_4R_auth_0310,1419,conseiller_des_orfevres,"stacheler, johanns"
aves_aa_4R_auth_0311,1419,conseiller_des_jardiniers,"götze, bechtolt"
aves_aa_4R_auth_0312,1419,conseiller_des_sauniers,"risser, konrat"
aves_aa_4R_auth_0313,1419,conseiller_des_tisserands,"ingenheim, konrat"
aves_aa_4R_auth_0314,1419,conseiller_des_gourmets_et_courtiers,"kutteltzheim, michel"
aves_aa_4R_auth_0315,1419,conseiller_des_regrattiers_cordiers_et_fruitiers,"giger, johanns"
